rental_id,equipment_id,site_id,operator_id,check_in_date,check_out_date,engine_hours_per_day,idle_hours_per_day,rental_days,is_overdue,anomaly_flag
1,EQX1047,S008,,2024-01-02,2024-01-08,1.45,6.71,31,False,Missing Operator
2,EQX1075,S004,OP123,2024-01-02,2024-01-08,2.56,8.87,17,False,High Idle Time
3,EQX1077,S005,OP109,2024-01-02,2024-01-15,5.76,3.13,3,True,Overdue Equipment
4,EQX1112,S003,OP131,2024-01-02,2024-01-08,4.38,4.11,18,False,
5,EQX1023,S001,OP123,2024-01-03,2024-01-29,5.75,4.14,39,False,
6,EQX1029,S002,OP121,2024-01-03,2024-01-08,0.96,7.78,28,False,Under-utilised
7,EQX1034,S009,OP118,2024-01-03,2024-01-08,4.78,2.1,31,False,
8,EQX1055,S002,OP101,2024-01-03,2024-01-08,6.34,4.35,7,False,
9,EQX1062,S001,OP124,2024-01-03,2024-01-08,5.2,2.41,16,False,
10,EQX1113,S006,OP138,2024-01-03,2024-01-22,2.76,9.24,13,True,Overdue Equipment
11,EQX1018,S003,OP113,2024-01-04,2024-01-22,4.63,3.43,37,False,
12,EQX1032,S004,OP127,2024-01-04,2024-01-08,5.04,2.21,22,False,
13,EQX1041,S003,OP142,2024-01-04,2024-01-08,7.64,2.35,23,False,
14,EQX1086,S005,OP121,2024-01-04,2024-01-15,6.28,2.59,13,False,
15,EQX1116,S001,OP119,2024-01-04,2024-01-08,5.22,2.15,21,False,
16,EQX1017,S010,,2024-01-09,2024-01-22,4.39,4.13,32,False,Missing Operator
17,EQX1094,S006,OP138,2024-01-09,2024-02-05,1.2,7.75,15,True,Overdue Equipment
18,EQX1003,S002,OP139,2024-01-10,2024-01-15,4.46,3.62,29,False,
19,EQX1073,S003,OP106,2024-01-10,2024-01-15,6.32,2.37,8,False,
20,EQX1078,S010,OP126,2024-01-10,2024-01-15,4.07,2.23,14,False,
21,EQX1091,S004,OP120,2024-01-10,2024-01-15,6.67,1.17,15,False,
22,EQX1015,S009,OP137,2024-01-11,2024-01-29,6.09,2.82,23,False,
23,EQX1021,S001,OP102,2024-01-11,2024-01-29,9.34,2.25,33,False,
24,EQX1048,S001,OP120,2024-01-11,2024-01-15,7.59,0.84,26,False,
25,EQX1010,S009,OP123,2024-01-16,2024-01-29,1.4,5.44,31,False,
26,EQX1012,S004,OP135,2024-01-16,2024-01-29,6.14,2.6,26,False,
27,EQX1034,S003,OP101,2024-01-16,2024-01-22,5.25,2.67,29,False,
28,EQX1035,S004,OP123,2024-01-16,2024-01-22,6.4,3.88,11,False,
29,EQX1057,S003,OP144,2024-01-16,2024-01-22,6.06,3.3,13,False,
30,EQX1089,S009,OP138,2024-01-16,2024-01-29,8.66,0.73,26,False,
31,EQX1111,S004,OP131,2024-01-16,2024-02-05,6.88,1.97,16,True,Overdue Equipment
32,EQX1112,S003,OP125,2024-01-16,2024-02-05,7.85,1.45,8,True,Overdue Equipment
33,EQX1117,S008,OP102,2024-01-16,2024-02-05,0.74,6.72,8,True,Overdue Equipment
34,EQX1003,S007,OP120,2024-01-17,2024-01-22,5.97,3.09,31,False,
35,EQX1004,S003,OP137,2024-01-17,2024-02-05,6.84,3.02,24,False,
36,EQX1062,S003,OP122,2024-01-17,2024-01-29,2.58,8.88,14,False,High Idle Time
37,EQX1076,S001,OP115,2024-01-17,2024-01-22,7.93,1.02,19,False,
38,EQX1083,S009,OP145,2024-01-17,2024-01-29,7.31,1.28,9,True,Overdue Equipment
39,EQX1086,S001,OP132,2024-01-17,2024-01-22,5.9,2.75,23,False,
40,EQX1090,S010,OP118,2024-01-17,2024-01-22,5.08,3.72,13,False,
41,EQX1120,S001,OP143,2024-01-17,2024-01-22,8.74,1.18,17,False,
42,EQX1030,S003,OP120,2024-01-18,2024-01-22,6.28,3.28,19,False,
43,EQX1081,S001,OP122,2024-01-18,2024-01-22,6.76,2.07,10,False,
44,EQX1100,S003,OP123,2024-01-18,2024-01-29,6.78,4.09,22,False,
45,EQX1116,S002,,2024-01-18,2024-01-22,4.69,2.83,18,False,Missing Operator
46,EQX1118,S001,OP140,2024-01-18,2024-03-04,2.36,6.29,18,True,Overdue Equipment
47,EQX1056,S009,OP141,2024-01-23,2024-02-05,8.84,1.65,18,False,
48,EQX1102,S007,OP145,2024-01-23,2024-01-29,1.54,6.57,14,False,Under-utilised
49,EQX1107,S008,OP133,2024-01-23,2024-02-05,7.95,1.15,18,False,
50,EQX1108,S009,OP108,2024-01-23,2024-02-12,7.44,0.94,19,True,Overdue Equipment
51,EQX1042,S009,OP107,2024-01-24,2024-02-05,1.06,7.06,30,False,Under-utilised
52,EQX1046,S010,OP110,2024-01-24,2024-01-29,4.45,3.33,23,False,
53,EQX1095,S007,OP127,2024-01-24,2024-02-26,2.04,7.17,32,True,Overdue Equipment
54,EQX1098,S005,OP129,2024-01-24,2024-01-29,3.05,8.69,32,False,High Idle Time
55,EQX1115,S003,OP132,2024-01-24,2024-02-05,8.34,1.55,14,False,
56,EQX1029,S001,OP116,2024-01-25,2024-01-29,5.31,4.07,13,False,
57,EQX1030,S007,OP124,2024-01-25,2024-02-12,6.67,4.48,28,False,
58,EQX1032,S001,OP127,2024-01-25,2024-01-29,4.37,4.39,17,False,
59,EQX1043,S002,OP138,2024-01-25,2024-01-29,8.81,0.58,20,False,
60,EQX1086,S009,OP132,2024-01-25,2024-02-05,4.78,2.74,10,True,Overdue Equipment
61,EQX1113,S008,OP136,2024-01-25,2024-02-05,0.89,5.78,21,False,Under-utilised
62,EQX1119,S007,OP134,2024-01-25,2024-01-29,6.86,2.97,11,False,
63,EQX1119,S002,OP142,2024-01-30,2024-02-05,0.49,8.71,8,False,High Idle Time
64,EQX1057,S004,OP117,2024-01-31,2024-02-05,6.69,3.59,26,False,
65,EQX1005,S003,OP130,2024-02-01,2024-02-12,1.49,8.3,34,False,High Idle Time
66,EQX1021,S002,OP142,2024-02-01,2024-02-12,4.81,4.3,18,False,
67,EQX1048,S009,OP127,2024-02-01,2024-02-05,2.83,6.63,30,False,
68,EQX1110,S003,OP118,2024-02-01,2024-02-05,1.28,9.34,14,False,High Idle Time
69,EQX1016,S001,OP140,2024-02-06,2024-02-19,8.36,0.72,40,False,
70,EQX1036,S003,,2024-02-06,2024-02-12,5.09,4.18,30,False,Missing Operator
71,EQX1053,S008,OP111,2024-02-06,2024-02-26,1.43,8.64,21,False,High Idle Time
72,EQX1055,S001,OP110,2024-02-06,2024-02-12,5.28,2.86,25,False,
73,EQX1014,S009,OP103,2024-02-07,2024-02-19,6.69,1.53,14,False,
74,EQX1026,S009,OP128,2024-02-07,2024-02-12,5.33,4.38,10,False,
75,EQX1040,S003,OP134,2024-02-07,2024-03-11,9.05,2.1,17,True,Overdue Equipment
76,EQX1054,S005,OP124,2024-02-07,2024-02-12,5.57,2.48,19,False,
77,EQX1010,S004,OP114,2024-02-08,2024-02-12,2.48,8.75,34,False,High Idle Time
78,EQX1017,S010,OP105,2024-02-08,2024-03-04,5.66,3.04,30,False,
79,EQX1039,S002,OP108,2024-02-08,2024-02-19,6.26,2.43,13,False,
80,EQX1044,S004,OP111,2024-02-08,2024-02-12,6.63,0.81,12,False,
81,EQX1081,S010,OP126,2024-02-08,2024-02-26,4.22,2.89,32,False,
82,EQX1097,S002,OP107,2024-02-08,2024-03-04,6.38,2.86,17,True,Overdue Equipment
83,EQX1110,S007,OP132,2024-02-08,2024-02-12,8.78,1.28,18,False,
84,EQX1033,S005,OP142,2024-02-13,2024-02-26,5.41,4.42,24,False,
85,EQX1036,S008,OP104,2024-02-13,2024-02-19,9.38,1.01,26,False,
86,EQX1043,S008,,2024-02-13,2024-02-26,6.97,2.05,23,False,Missing Operator
87,EQX1049,S003,OP120,2024-02-13,2024-02-19,5.75,4.42,16,False,
88,EQX1062,S004,OP115,2024-02-13,2024-03-04,4.35,3.8,18,True,Overdue Equipment
89,EQX1092,S001,OP119,2024-02-13,2024-03-11,8.24,2.21,34,False,
90,EQX1093,S002,OP124,2024-02-13,2024-03-25,4.94,3.44,9,True,Overdue Equipment
91,EQX1111,S008,OP117,2024-02-13,2024-02-26,7.42,1.51,14,False,
92,EQX1024,S006,OP127,2024-02-14,2024-03-11,6.62,1.67,20,True,Overdue Equipment
93,EQX1045,S005,OP130,2024-02-14,2024-03-04,5.17,4.49,32,False,
94,EQX1084,S003,OP118,2024-02-14,2024-02-19,6.96,2.25,26,False,
95,EQX1103,S010,OP134,2024-02-14,2024-02-19,9.25,1.84,7,False,
96,EQX1028,S001,OP102,2024-02-15,2024-03-11,4.84,2.9,16,True,Overdue Equipment
97,EQX1031,S008,OP111,2024-02-15,2024-03-11,0.56,8.46,10,True,Overdue Equipment
98,EQX1037,S009,OP102,2024-02-15,2024-03-04,2.38,5.25,29,False,
99,EQX1038,S010,OP110,2024-02-15,2024-03-11,6.17,2.03,17,True,Overdue Equipment
100,EQX1047,S002,OP138,2024-02-15,2024-02-26,0.77,9.32,26,False,High Idle Time
101,EQX1054,S009,OP117,2024-02-15,2024-02-19,7.21,1.88,25,False,
102,EQX1065,S010,OP112,2024-02-15,2024-02-19,7.05,0.52,19,False,
103,EQX1074,S002,OP127,2024-02-15,2024-02-26,0.51,7.85,7,True,Overdue Equipment
104,EQX1113,S004,OP111,2024-02-15,2024-02-26,5.53,2.94,14,False,
105,EQX1034,S004,OP111,2024-02-20,2024-03-11,6.87,3.96,15,True,Overdue Equipment
106,EQX1041,S004,OP129,2024-02-20,2024-03-11,2.45,8.73,27,False,High Idle Time
107,EQX1042,S006,OP136,2024-02-20,2024-02-26,1.67,9.08,20,False,High Idle Time
108,EQX1060,S010,OP133,2024-02-20,2024-02-26,6.82,1.48,19,False,
109,EQX1067,S009,OP137,2024-02-20,2024-03-04,5.31,3.34,12,True,Overdue Equipment
110,EQX1068,S002,OP114,2024-02-20,2024-03-11,6.61,2.86,13,True,Overdue Equipment
111,EQX1088,S009,OP102,2024-02-20,2024-02-26,6.11,3.62,26,False,
112,EQX1099,S004,OP103,2024-02-20,2024-02-26,1.27,5.03,29,False,
113,EQX1107,S005,,2024-02-20,2024-03-04,0.52,8.06,21,False,Missing Operator
114,EQX1112,S009,,2024-02-20,2024-02-26,5.27,4.1,9,False,Missing Operator
115,EQX1044,S009,OP120,2024-02-21,2024-03-04,4.43,3.89,17,False,
116,EQX1064,S010,OP136,2024-02-21,2024-03-11,7.32,1.58,12,True,Overdue Equipment
117,EQX1106,S008,OP118,2024-02-21,2024-03-04,5.86,2.95,8,True,Overdue Equipment
118,EQX1109,S004,OP140,2024-02-21,2024-04-01,5.05,4.22,7,True,Overdue Equipment
119,EQX1119,S002,OP120,2024-02-21,2024-03-04,9.32,1.22,17,False,
120,EQX1001,S006,OP101,2024-02-22,2024-03-18,8.68,1.28,15,True,Overdue Equipment
121,EQX1004,S005,OP132,2024-02-22,2024-03-11,6.71,4.12,29,False,
122,EQX1023,S004,OP134,2024-02-22,2024-03-04,6.15,2.98,40,False,
123,EQX1029,S006,OP133,2024-02-22,2024-02-26,0.88,5.21,11,False,Under-utilised
124,EQX1032,S006,OP119,2024-02-22,2024-02-26,4.65,3.82,18,False,
125,EQX1052,S005,OP104,2024-02-22,2024-03-11,6.53,1.85,16,True,Overdue Equipment
126,EQX1084,S008,OP134,2024-02-22,2024-02-26,6.86,2.62,23,False,
127,EQX1027,S001,OP110,2024-02-27,2024-03-11,6.57,1.39,30,False,
128,EQX1015,S006,OP108,2024-02-28,2024-04-08,8.83,0.64,41,False,
129,EQX1059,S006,OP103,2024-02-28,2024-03-04,1.91,8.13,16,False,High Idle Time
130,EQX1077,S009,OP104,2024-02-28,2024-03-04,6.77,1.21,3,True,Overdue Equipment
131,EQX1050,S004,OP121,2024-02-29,2024-03-04,5.73,2.82,26,False,
132,EQX1072,S009,OP145,2024-02-29,2024-03-04,6.94,2.68,17,False,
133,EQX1079,S005,OP114,2024-02-29,2024-03-04,7.58,1.11,19,False,
134,EQX1111,S007,OP112,2024-02-29,2024-03-04,5.87,3.51,21,False,
135,EQX1018,S003,OP138,2024-03-05,2024-03-11,4.47,2.11,40,False,
136,EQX1036,S002,OP102,2024-03-05,2024-03-18,1.01,6.42,28,False,Under-utilised
137,EQX1050,S002,OP132,2024-03-05,2024-03-18,6.15,2.41,25,False,
138,EQX1054,S010,OP112,2024-03-05,2024-03-11,1.3,9.42,26,False,High Idle Time
139,EQX1055,S008,OP130,2024-03-05,2024-03-25,8.68,1.25,25,False,
140,EQX1070,S001,OP122,2024-03-05,2024-03-18,1.69,8.92,8,True,Overdue Equipment
141,EQX1091,S005,OP134,2024-03-05,2024-03-11,5.76,2.62,22,False,
142,EQX1096,S007,OP136,2024-03-05,2024-03-11,6.97,4.31,20,False,
143,EQX1110,S006,OP127,2024-03-05,2024-03-11,7.11,0.71,13,False,
144,EQX1005,S002,OP131,2024-03-06,2024-03-25,7.37,2.18,25,False,
145,EQX1057,S009,OP134,2024-03-06,2024-03-18,9.15,2.44,9,True,Overdue Equipment
146,EQX1114,S009,OP112,2024-03-06,2024-03-25,5.37,3.32,11,True,Overdue Equipment
147,EQX1118,S006,OP102,2024-03-06,2024-03-11,8.69,1.66,18,False,
148,EQX1045,S006,OP128,2024-03-07,2024-03-11,9.19,1.1,14,False,
149,EQX1047,S001,OP131,2024-03-07,2024-03-18,9.45,0.71,27,False,
150,EQX1078,S008,OP103,2024-03-07,2024-03-11,7.21,1.14,20,False,
151,EQX1060,S004,OP117,2024-03-12,2024-03-25,6.06,2.91,20,False,
152,EQX1120,S008,OP119,2024-03-12,2024-03-25,4.02,2.96,21,False,
153,EQX1082,S009,OP128,2024-03-13,2024-03-25,2.57,8.33,28,False,High Idle Time
154,EQX1094,S009,OP124,2024-03-13,2024-04-01,5.46,4.11,32,False,
155,EQX1032,S005,OP140,2024-03-14,2024-04-01,2.39,7.05,10,True,Overdue Equipment
156,EQX1049,S003,OP126,2024-03-14,2024-03-18,6.86,0.5,25,False,
157,EQX1054,S008,OP120,2024-03-14,2024-03-25,6.57,1.37,18,False,
158,EQX1059,S008,OP111,2024-03-14,2024-04-01,5.79,3.39,12,True,Overdue Equipment
159,EQX1101,S010,OP101,2024-03-14,2024-03-18,5.56,4.45,27,False,
160,EQX1104,S010,OP113,2024-03-14,2024-03-18,6.62,2.95,18,False,
161,EQX1002,S005,OP125,2024-03-19,2024-04-01,5.45,3.72,37,False,
162,EQX1012,S004,OP137,2024-03-19,2024-03-25,1.63,8.41,36,False,High Idle Time
163,EQX1019,S004,OP136,2024-03-20,2024-04-01,2.61,5.11,14,False,
164,EQX1025,S003,OP101,2024-03-20,2024-03-25,9.15,1.96,32,False,
165,EQX1049,S001,OP120,2024-03-20,2024-03-25,1.22,8.55,9,False,High Idle Time
166,EQX1069,S002,OP131,2024-03-20,2024-04-15,2.8,8.11,10,True,Overdue Equipment
167,EQX1079,S005,OP130,2024-03-20,2024-03-25,8.54,1.71,20,False,
168,EQX1083,S003,OP127,2024-03-20,2024-03-25,4.63,4.21,35,False,
169,EQX1086,S001,OP105,2024-03-20,2024-03-25,7.77,1.75,35,False,
170,EQX1110,S002,OP114,2024-03-20,2024-03-25,2.28,6.37,6,False,
171,EQX1016,S007,OP141,2024-03-21,2024-04-01,7.45,1.09,32,False,
172,EQX1034,S003,OP143,2024-03-21,2024-04-08,1.45,5.44,22,False,
173,EQX1036,S004,OP115,2024-03-21,2024-04-08,0.45,5.01,35,False,Under-utilised
174,EQX1058,S006,OP103,2024-03-21,2024-03-25,4.21,2.44,28,False,
175,EQX1067,S007,OP139,2024-03-21,2024-03-25,2.76,8.44,15,False,High Idle Time
176,EQX1089,S007,OP136,2024-03-21,2024-04-01,4.14,4.09,19,False,
177,EQX1107,S003,OP143,2024-03-21,2024-03-25,4.29,2.75,19,False,
178,EQX1043,S005,OP145,2024-03-26,2024-04-01,4.04,2.63,27,False,
179,EQX1062,S005,OP144,2024-03-26,2024-04-08,5.39,2.0,18,False,
180,EQX1083,S006,OP132,2024-03-26,2024-04-08,4.59,3.49,24,False,
181,EQX1084,S007,OP126,2024-03-26,2024-04-01,7.71,1.75,17,False,
182,EQX1012,S006,OP137,2024-03-27,2024-04-29,4.09,3.34,36,False,
183,EQX1031,S007,OP133,2024-03-27,2024-04-01,0.98,7.39,12,False,Under-utilised
184,EQX1004,S007,OP112,2024-03-28,2024-04-29,6.55,3.1,24,True,Overdue Equipment
185,EQX1035,S002,,2024-03-28,2024-04-01,2.23,7.53,16,False,Missing Operator
186,EQX1100,S007,OP136,2024-03-28,2024-04-22,5.79,2.33,17,True,Overdue Equipment
187,EQX1003,S002,OP140,2024-04-02,2024-04-08,4.85,3.68,38,False,
188,EQX1016,S003,OP141,2024-04-02,2024-05-06,6.79,2.56,40,False,
189,EQX1019,S003,OP110,2024-04-02,2024-04-29,6.54,4.16,15,True,Overdue Equipment
190,EQX1057,S003,OP103,2024-04-02,2024-04-08,4.8,4.19,13,False,
191,EQX1058,S004,OP122,2024-04-02,2024-04-15,6.22,2.51,12,True,Overdue Equipment
192,EQX1081,S006,OP119,2024-04-02,2024-04-15,7.33,1.52,16,False,
193,EQX1070,S006,OP103,2024-04-03,2024-04-08,6.66,2.03,5,False,
194,EQX1074,S002,OP126,2024-04-03,2024-04-29,7.48,0.84,16,True,Overdue Equipment
195,EQX1108,S005,OP145,2024-04-03,2024-04-08,6.15,4.48,6,False,
196,EQX1013,S001,OP134,2024-04-04,2024-04-15,7.3,2.04,16,False,
197,EQX1029,S006,OP139,2024-04-04,2024-04-08,6.11,3.46,25,False,
198,EQX1079,S006,OP139,2024-04-04,2024-04-08,0.49,9.41,19,False,High Idle Time
199,EQX1080,S006,OP106,2024-04-04,2024-04-08,0.46,7.25,4,False,Under-utilised
200,EQX1099,S002,OP103,2024-04-04,2024-04-29,4.76,4.44,12,True,Overdue Equipment
201,EQX1018,S001,OP114,2024-04-09,2024-04-22,7.29,0.52,26,False,
202,EQX1027,S004,OP113,2024-04-09,2024-04-22,6.58,3.55,27,False,
203,EQX1078,S008,OP137,2024-04-09,2024-04-22,4.2,3.79,12,True,Overdue Equipment
204,EQX1113,S001,OP111,2024-04-09,2024-04-15,5.42,3.46,7,False,
205,EQX1116,S006,OP126,2024-04-09,2024-04-15,2.49,8.08,16,False,High Idle Time
206,EQX1040,S002,OP102,2024-04-10,2024-04-15,4.1,3.35,19,False,
207,EQX1091,S008,OP115,2024-04-10,2024-04-15,6.11,3.52,26,False,
208,EQX1118,S004,OP122,2024-04-10,2024-04-22,4.66,2.23,8,True,Overdue Equipment
209,EQX1021,S005,OP145,2024-04-11,2024-04-22,6.91,3.31,21,False,
210,EQX1041,S009,OP119,2024-04-11,2024-04-15,6.08,2.4,14,False,
211,EQX1048,S010,OP129,2024-04-11,2024-04-15,7.12,2.37,34,False,
212,EQX1056,S007,OP110,2024-04-11,2024-04-15,8.12,1.25,19,False,
213,EQX1079,S004,OP121,2024-04-11,2024-04-15,4.66,4.4,9,False,
214,EQX1020,S009,OP103,2024-04-16,2024-04-22,6.78,3.47,18,False,
215,EQX1026,S003,OP142,2024-04-16,2024-05-06,8.7,1.61,20,False,
216,EQX1050,S002,OP127,2024-04-16,2024-04-29,8.61,1.66,8,True,Overdue Equipment
217,EQX1053,S009,OP131,2024-04-16,2024-04-22,6.21,3.63,10,False,
218,EQX1060,S006,OP136,2024-04-16,2024-05-13,4.96,2.63,25,True,Overdue Equipment
219,EQX1094,S009,OP109,2024-04-16,2024-05-27,7.4,0.74,32,True,Overdue Equipment
220,EQX1005,S004,OP128,2024-04-17,2024-05-06,0.99,5.74,35,False,Under-utilised
221,EQX1043,S003,OP112,2024-04-17,2024-04-29,2.37,8.45,35,False,High Idle Time
222,EQX1017,S002,,2024-04-18,2024-04-22,5.85,4.33,20,False,Missing Operator
223,EQX1110,S009,OP142,2024-04-18,2024-05-27,4.21,2.43,5,True,Overdue Equipment
224,EQX1029,S008,OP122,2024-04-23,2024-04-29,1.19,7.21,13,False,Under-utilised
225,EQX1075,S009,OP142,2024-04-23,2024-04-29,6.88,2.75,8,False,
226,EQX1105,S002,OP105,2024-04-23,2024-04-29,6.87,2.5,10,False,
227,EQX1014,S006,OP122,2024-04-24,2024-05-06,4.19,2.66,16,False,
228,EQX1047,S010,OP144,2024-04-24,2024-04-29,7.49,0.91,24,False,
229,EQX1072,S002,OP130,2024-04-24,2024-04-29,1.7,6.82,15,False,Under-utilised
230,EQX1101,S006,OP128,2024-04-24,2024-04-29,6.84,2.75,15,False,
231,EQX1032,S009,OP110,2024-04-25,2024-06-24,6.83,2.21,25,True,Overdue Equipment
232,EQX1034,S002,OP108,2024-04-25,2024-04-29,1.73,5.66,24,False,
233,EQX1037,S004,OP141,2024-04-25,2024-04-29,6.01,2.83,33,False,
234,EQX1100,S008,OP128,2024-04-25,2024-04-29,7.47,1.88,13,False,
235,EQX1057,S009,OP105,2024-05-01,2024-05-13,0.93,9.12,8,True,Overdue Equipment
236,EQX1073,S007,OP122,2024-05-01,2024-05-20,5.99,4.16,17,True,Overdue Equipment
237,EQX1018,S009,OP130,2024-05-02,2024-06-10,6.68,1.03,16,True,Overdue Equipment
238,EQX1058,S005,OP115,2024-05-02,2024-05-06,1.95,6.48,27,False,
239,EQX1109,S003,OP113,2024-05-02,2024-05-20,7.31,0.98,7,True,Overdue Equipment
240,EQX1111,S001,OP136,2024-05-02,2024-05-13,1.52,6.23,6,True,Overdue Equipment
241,EQX1116,S008,OP128,2024-05-02,2024-05-13,6.76,2.45,5,True,Overdue Equipment
242,EQX1012,S009,OP134,2024-05-07,2024-06-10,7.56,0.62,42,False,
243,EQX1016,S005,OP144,2024-05-07,2024-05-13,6.53,0.79,25,False,
244,EQX1063,S003,OP145,2024-05-07,2024-05-13,4.59,2.94,28,False,
245,EQX1068,S009,OP112,2024-05-07,2024-05-13,4.1,2.52,7,False,
246,EQX1081,S001,OP114,2024-05-07,2024-05-27,2.07,7.97,24,False,
247,EQX1093,S007,OP129,2024-05-07,2024-05-27,6.9,2.36,8,True,Overdue Equipment
248,EQX1025,S010,OP139,2024-05-08,2024-05-13,8.95,0.51,10,False,
249,EQX1033,S006,OP129,2024-05-08,2024-05-13,4.0,2.87,34,False,
250,EQX1038,S008,OP113,2024-05-08,2024-05-13,5.64,3.4,10,False,
251,EQX1042,S004,,2024-05-08,2024-05-13,7.38,1.92,18,False,Missing Operator
252,EQX1047,S006,OP113,2024-05-08,2024-06-10,8.29,1.53,17,True,Overdue Equipment
253,EQX1069,S001,OP121,2024-05-08,2024-05-13,5.0,4.0,18,False,
254,EQX1084,S002,OP122,2024-05-08,2024-05-20,4.24,4.41,14,False,
255,EQX1089,S009,OP135,2024-05-08,2024-06-03,8.89,0.53,22,True,Overdue Equipment
256,EQX1108,S003,OP136,2024-05-08,2024-05-20,8.05,0.56,9,True,Overdue Equipment
257,EQX1017,S001,OP139,2024-05-09,2024-05-20,4.78,3.35,33,False,
258,EQX1045,S007,OP106,2024-05-09,2024-05-13,2.06,7.05,27,False,
259,EQX1051,S009,OP119,2024-05-09,2024-05-27,4.14,4.28,27,False,
260,EQX1072,S003,OP123,2024-05-09,2024-05-13,5.89,3.1,18,False,
261,EQX1088,S004,OP128,2024-05-09,2024-05-20,4.14,2.42,22,False,
262,EQX1091,S010,OP117,2024-05-09,2024-06-10,4.73,2.11,19,True,Overdue Equipment
263,EQX1013,S003,OP105,2024-05-14,2024-06-10,5.39,3.05,24,True,Overdue Equipment
264,EQX1033,S009,OP132,2024-05-14,2024-07-22,2.08,5.01,14,True,Overdue Equipment
265,EQX1055,S001,OP124,2024-05-14,2024-05-20,5.45,3.29,19,False,
266,EQX1061,S004,OP104,2024-05-14,2024-05-20,0.71,7.7,16,False,Under-utilised
267,EQX1085,S002,OP108,2024-05-14,2024-05-27,4.11,3.09,20,False,
268,EQX1037,S010,OP111,2024-05-15,2024-05-20,4.0,3.23,35,False,
269,EQX1078,S007,OP141,2024-05-15,2024-06-10,5.3,2.03,18,True,Overdue Equipment
270,EQX1115,S007,OP107,2024-05-15,2024-06-10,5.41,3.17,6,True,Overdue Equipment
271,EQX1001,S009,OP104,2024-05-16,2024-06-10,9.47,0.56,42,False,
272,EQX1011,S001,OP101,2024-05-16,2024-05-20,6.57,3.56,17,False,
273,EQX1111,S003,OP132,2024-05-16,2024-05-20,2.4,8.26,12,False,High Idle Time
274,EQX1019,S007,OP138,2024-05-21,2024-05-27,7.33,1.67,25,False,
275,EQX1043,S005,OP132,2024-05-21,2024-06-03,6.29,4.48,12,True,Overdue Equipment
276,EQX1061,S002,OP132,2024-05-21,2024-05-27,7.79,2.23,26,False,
277,EQX1113,S005,OP118,2024-05-21,2024-05-27,2.69,7.79,6,False,
278,EQX1022,S004,OP144,2024-05-22,2024-05-27,1.4,5.52,32,False,
279,EQX1084,S007,OP145,2024-05-22,2024-06-10,7.81,2.11,11,True,Overdue Equipment
280,EQX1088,S009,OP123,2024-05-22,2024-06-24,5.83,2.9,18,True,Overdue Equipment
281,EQX1090,S001,OP128,2024-05-22,2024-06-10,4.46,3.3,14,True,Overdue Equipment
282,EQX1106,S008,OP140,2024-05-22,2024-05-27,7.91,1.36,17,False,
283,EQX1007,S009,OP129,2024-05-23,2024-06-24,8.03,2.45,42,False,
284,EQX1056,S009,OP135,2024-05-23,2024-05-27,1.22,5.55,16,False,Under-utilised
285,EQX1112,S002,OP106,2024-05-23,2024-06-03,7.09,0.94,15,False,
286,EQX1119,S005,OP142,2024-05-23,2024-06-03,2.99,6.04,6,True,Overdue Equipment
287,EQX1009,S003,OP133,2024-05-28,2024-06-10,6.51,2.94,29,False,
288,EQX1068,S001,OP145,2024-05-28,2024-06-10,6.97,4.42,17,False,
289,EQX1087,S008,OP142,2024-05-28,2024-06-24,5.11,2.57,10,True,Overdue Equipment
290,EQX1109,S010,OP105,2024-05-28,2024-06-03,1.17,6.97,5,True,Overdue Equipment
291,EQX1008,S010,OP127,2024-05-29,2024-06-03,5.49,2.28,23,False,
292,EQX1053,S005,OP140,2024-05-29,2024-06-03,1.81,6.89,21,False,
293,EQX1065,S001,OP143,2024-05-29,2024-06-17,8.24,2.06,5,True,Overdue Equipment
294,EQX1105,S002,OP139,2024-05-29,2024-06-24,2.76,7.0,13,True,Overdue Equipment
295,EQX1019,S002,OP129,2024-05-30,2024-06-03,1.88,7.87,31,False,Under-utilised
296,EQX1022,S005,OP113,2024-05-30,2024-07-08,5.2,3.22,39,False,
297,EQX1058,S005,OP123,2024-05-30,2024-06-17,4.92,3.87,24,False,
298,EQX1114,S001,OP129,2024-05-30,2024-06-17,5.76,4.09,8,True,Overdue Equipment
299,EQX1021,S008,OP137,2024-06-04,2024-06-17,7.22,1.62,20,False,
300,EQX1035,S002,OP122,2024-06-04,2024-06-10,7.12,2.0,15,False,
301,EQX1040,S002,OP114,2024-06-04,2024-06-17,8.33,0.57,32,False,
302,EQX1044,S002,OP107,2024-06-04,2024-06-24,7.67,2.43,14,True,Overdue Equipment
303,EQX1059,S009,OP143,2024-06-04,2024-06-17,4.94,3.03,27,False,
304,EQX1064,S004,OP118,2024-06-04,2024-06-10,5.86,2.67,13,False,
305,EQX1089,S005,OP125,2024-06-04,2024-06-10,7.99,1.79,29,False,
306,EQX1048,S004,OP103,2024-06-05,2024-06-10,2.06,8.12,25,False,High Idle Time
307,EQX1072,S007,OP110,2024-06-05,2024-06-10,5.7,3.59,21,False,
308,EQX1073,S007,OP103,2024-06-05,2024-06-10,6.8,2.86,6,False,
309,EQX1095,S001,OP106,2024-06-05,2024-06-10,5.68,4.13,29,False,
310,EQX1002,S009,OP102,2024-06-06,2024-06-24,9.15,0.77,12,True,Overdue Equipment
311,EQX1079,S001,OP129,2024-06-06,2024-06-17,9.09,1.01,8,True,Overdue Equipment
312,EQX1096,S002,OP138,2024-06-06,2024-06-17,5.39,4.34,34,False,
313,EQX1103,S009,OP138,2024-06-06,2024-06-17,1.34,8.66,18,False,High Idle Time
314,EQX1120,S003,OP138,2024-06-06,2024-06-10,5.85,3.88,12,False,
315,EQX1031,S001,OP128,2024-06-11,2024-06-17,5.97,4.07,15,False,
316,EQX1064,S005,OP116,2024-06-11,2024-07-29,6.79,2.36,18,True,Overdue Equipment
317,EQX1083,S002,OP133,2024-06-11,2024-06-24,6.35,2.77,18,False,
318,EQX1091,S008,OP102,2024-06-11,2024-07-01,6.32,3.35,8,True,Overdue Equipment
319,EQX1009,S007,OP122,2024-06-12,2024-06-17,7.02,1.1,13,False,
320,EQX1038,S001,OP129,2024-06-12,2024-06-24,4.41,4.09,34,False,
321,EQX1046,S005,OP145,2024-06-12,2024-06-17,6.41,4.43,19,False,
322,EQX1075,S005,OP131,2024-06-12,2024-06-17,6.91,2.48,13,False,
323,EQX1081,S006,OP141,2024-06-12,2024-06-24,6.97,4.02,23,False,
324,EQX1107,S004,OP105,2024-06-12,2024-06-17,4.77,2.66,12,False,
325,EQX1037,S008,OP143,2024-06-13,2024-06-17,1.09,7.29,12,False,Under-utilised
326,EQX1060,S009,OP111,2024-06-13,2024-07-15,5.08,3.02,26,True,Overdue Equipment
327,EQX1074,S002,OP124,2024-06-13,2024-07-01,5.8,3.06,7,True,Overdue Equipment
328,EQX1076,S009,OP101,2024-06-13,2024-06-17,5.52,2.89,11,False,
329,EQX1116,S008,OP108,2024-06-13,2024-06-17,5.51,3.27,5,False,
330,EQX1024,S001,OP141,2024-06-18,2024-06-24,6.59,2.12,13,False,
331,EQX1084,S010,OP139,2024-06-18,2024-06-24,1.08,6.62,23,False,Under-utilised
332,EQX1021,S009,OP126,2024-06-19,2024-07-08,6.05,2.47,25,False,
333,EQX1056,S008,OP120,2024-06-19,2024-06-24,0.57,9.38,23,False,High Idle Time
334,EQX1063,S008,OP131,2024-06-19,2024-06-24,7.45,1.0,21,False,
335,EQX1067,S010,OP103,2024-06-19,2024-06-24,6.98,3.15,11,False,
336,EQX1116,S005,OP132,2024-06-19,2024-06-24,9.45,0.99,7,False,
337,EQX1013,S003,OP135,2024-06-20,2024-06-24,6.57,1.43,17,False,
338,EQX1120,S007,OP116,2024-06-20,2024-07-08,0.45,8.26,5,True,Overdue Equipment
339,EQX1049,S001,OP134,2024-06-25,2024-07-01,4.66,3.76,26,False,
340,EQX1085,S005,OP111,2024-06-25,2024-07-08,5.68,2.51,7,True,Overdue Equipment
341,EQX1102,S001,OP112,2024-06-25,2024-07-01,8.71,1.7,7,False,
342,EQX1108,S008,OP139,2024-06-25,2024-07-15,4.64,3.9,9,True,Overdue Equipment
343,EQX1050,S001,OP139,2024-06-26,2024-07-01,8.43,1.88,25,False,
344,EQX1056,S006,OP133,2024-06-26,2024-07-01,5.45,3.3,12,False,
345,EQX1107,S009,OP108,2024-06-26,2024-07-01,6.7,3.37,7,False,
346,EQX1111,S001,OP129,2024-06-26,2024-07-01,7.53,1.76,13,False,
347,EQX1027,S008,OP139,2024-06-27,2024-07-22,6.3,2.47,22,True,Overdue Equipment
348,EQX1053,S004,OP104,2024-06-27,2024-07-01,7.19,2.25,11,False,
349,EQX1072,S005,OP117,2024-06-27,2024-07-01,5.56,2.75,16,False,
350,EQX1005,S005,OP130,2024-07-02,2024-07-15,2.89,6.8,39,False,
351,EQX1009,S003,OP144,2024-07-02,2024-07-22,6.74,2.78,30,False,
352,EQX1017,S001,OP108,2024-07-02,2024-07-08,5.64,3.02,38,False,
353,EQX1025,S004,OP107,2024-07-02,2024-07-08,5.61,2.53,33,False,
354,EQX1043,S005,OP139,2024-07-02,2024-07-08,6.01,2.13,17,False,
355,EQX1075,S010,OP145,2024-07-02,2024-07-08,4.05,4.05,21,False,
356,EQX1115,S008,OP101,2024-07-02,2024-07-29,6.73,2.07,19,True,Overdue Equipment
357,EQX1119,S002,OP115,2024-07-02,2024-07-22,8.55,1.26,7,True,Overdue Equipment
358,EQX1016,S009,OP122,2024-07-03,2024-08-05,0.91,5.38,24,True,Overdue Equipment
359,EQX1073,S010,OP102,2024-07-03,2024-07-08,6.8,4.07,15,False,
360,EQX1094,S002,OP119,2024-07-03,2024-07-15,4.62,2.39,16,False,
361,EQX1096,S009,OP102,2024-07-03,2024-07-08,4.62,4.22,17,False,
362,EQX1098,S003,OP128,2024-07-03,2024-07-29,9.14,0.58,31,False,
363,EQX1036,S002,OP113,2024-07-04,2024-07-22,1.59,5.35,20,False,
364,EQX1058,S008,OP137,2024-07-04,2024-07-08,1.12,8.95,18,False,High Idle Time
365,EQX1071,S010,OP116,2024-07-04,2024-07-08,6.95,4.08,17,False,
366,EQX1113,S007,OP144,2024-07-04,2024-07-15,5.23,3.74,14,False,
367,EQX1049,S002,OP145,2024-07-09,2024-07-15,8.14,0.98,9,False,
368,EQX1107,S006,OP139,2024-07-09,2024-07-15,5.03,2.14,7,False,
369,EQX1120,S006,OP116,2024-07-09,2024-07-29,2.76,6.37,5,True,Overdue Equipment
370,EQX1045,S004,OP134,2024-07-10,2024-07-15,8.71,0.94,16,False,
371,EQX1055,S006,OP101,2024-07-10,2024-08-05,6.34,2.68,7,True,Overdue Equipment
372,EQX1034,S008,OP126,2024-07-11,2024-07-15,4.18,2.8,10,False,
373,EQX1053,S002,OP129,2024-07-11,2024-07-15,4.47,4.38,26,False,
374,EQX1058,S009,,2024-07-11,2024-07-15,4.61,3.33,20,False,Missing Operator
375,EQX1059,S009,OP127,2024-07-11,2024-07-22,5.15,3.4,26,False,
376,EQX1061,S002,OP108,2024-07-11,2024-07-22,7.15,0.8,28,False,
377,EQX1099,S007,OP115,2024-07-11,2024-07-15,8.47,2.49,14,False,
378,EQX1011,S003,OP139,2024-07-16,2024-07-22,6.95,3.44,22,False,
379,EQX1001,S008,OP135,2024-07-17,2024-07-29,6.62,2.17,11,True,Overdue Equipment
380,EQX1010,S004,OP141,2024-07-17,2024-07-29,9.34,1.8,41,False,
381,EQX1017,S004,OP119,2024-07-17,2024-07-29,4.4,3.92,11,True,Overdue Equipment
382,EQX1046,S010,OP137,2024-07-17,2024-07-22,5.03,4.25,14,False,
383,EQX1071,S003,OP122,2024-07-17,2024-07-29,6.01,4.22,5,True,Overdue Equipment
384,EQX1014,S010,,2024-07-18,2024-07-29,0.42,5.71,18,False,Missing Operator
385,EQX1022,S004,OP107,2024-07-18,2024-08-12,5.69,3.2,41,False,
386,EQX1034,S005,OP111,2024-07-18,2024-07-22,6.58,2.41,29,False,
387,EQX1037,S001,OP103,2024-07-18,2024-08-19,6.36,2.55,20,True,Overdue Equipment
388,EQX1053,S004,OP109,2024-07-18,2024-07-22,5.68,4.19,22,False,
389,EQX1013,S009,OP108,2024-07-23,2024-08-19,4.99,3.38,26,True,Overdue Equipment
390,EQX1042,S003,OP142,2024-07-23,2024-07-29,7.64,1.61,34,False,
391,EQX1003,S010,OP119,2024-07-24,2024-08-05,8.41,0.6,12,False,
392,EQX1007,S004,OP139,2024-07-24,2024-08-19,8.91,2.18,19,True,Overdue Equipment
393,EQX1011,S006,OP103,2024-07-24,2024-08-05,5.68,2.77,23,False,
394,EQX1073,S009,OP131,2024-07-24,2024-07-29,4.26,3.77,14,False,
395,EQX1045,S004,OP138,2024-07-25,2024-07-29,7.74,1.51,14,False,
396,EQX1066,S005,OP115,2024-07-25,2024-07-29,5.03,3.11,10,False,
397,EQX1099,S002,OP129,2024-07-25,2024-08-12,6.77,3.68,17,True,Overdue Equipment
398,EQX1103,S008,OP123,2024-07-25,2024-07-29,6.54,2.14,12,False,
399,EQX1008,S005,OP138,2024-07-30,2024-08-05,4.32,3.12,21,False,
400,EQX1085,S002,OP134,2024-07-30,2024-08-12,5.59,4.03,16,False,
401,EQX1049,S010,OP124,2024-07-31,2024-08-05,4.7,3.34,17,False,
402,EQX1082,S008,OP131,2024-07-31,2024-08-05,5.51,3.1,28,False,
403,EQX1100,S005,OP131,2024-07-31,2024-08-19,5.64,2.78,30,False,
404,EQX1045,S001,OP131,2024-08-01,2024-08-19,0.98,5.15,35,False,Under-utilised
405,EQX1097,S002,OP140,2024-08-01,2024-08-26,6.53,3.61,24,True,Overdue Equipment
406,EQX1016,S004,OP135,2024-08-06,2024-09-23,6.93,2.93,26,True,Overdue Equipment
407,EQX1044,S009,OP105,2024-08-06,2024-08-12,8.27,1.36,24,False,
408,EQX1074,S002,OP129,2024-08-06,2024-08-26,6.9,2.59,14,True,Overdue Equipment
409,EQX1018,S001,OP104,2024-08-07,2024-08-12,7.77,1.51,11,False,
410,EQX1029,S009,OP103,2024-08-07,2024-08-12,6.87,3.72,32,False,
411,EQX1034,S006,OP106,2024-08-07,2024-08-12,1.09,5.94,31,False,Under-utilised
412,EQX1062,S008,OP121,2024-08-07,2024-08-19,6.36,2.47,28,False,
413,EQX1094,S007,OP128,2024-08-07,2024-08-12,7.74,1.14,11,False,
414,EQX1118,S010,OP142,2024-08-07,2024-08-12,6.67,2.35,16,False,
415,EQX1020,S003,OP138,2024-08-08,2024-08-26,4.27,2.55,18,False,
416,EQX1028,S002,OP114,2024-08-08,2024-08-12,5.74,3.39,26,False,
417,EQX1030,S002,OP139,2024-08-08,2024-08-12,6.46,2.47,10,False,
418,EQX1032,S004,OP140,2024-08-08,2024-08-12,6.0,2.2,31,False,
419,EQX1033,S009,OP103,2024-08-08,2024-09-16,6.58,0.68,28,True,Overdue Equipment
420,EQX1042,S009,OP124,2024-08-08,2024-08-19,7.23,2.3,11,False,
421,EQX1070,S002,OP102,2024-08-08,2024-09-09,5.73,3.84,18,True,Overdue Equipment
422,EQX1080,S002,OP144,2024-08-08,2024-09-02,1.55,7.35,5,True,Overdue Equipment
423,EQX1089,S004,OP136,2024-08-08,2024-08-12,6.76,3.99,21,False,
424,EQX1105,S002,OP119,2024-08-08,2024-08-12,8.64,1.0,6,False,
425,EQX1053,S001,OP101,2024-08-13,2024-08-26,5.64,3.74,21,False,
426,EQX1068,S007,OP139,2024-08-13,2024-09-02,7.44,1.93,9,True,Overdue Equipment
427,EQX1082,S009,OP116,2024-08-13,2024-08-19,9.05,1.41,24,False,
428,EQX1051,S009,OP104,2024-08-15,2024-08-19,4.24,4.39,25,False,
429,EQX1069,S005,OP136,2024-08-15,2024-08-19,0.93,7.98,3,True,Overdue Equipment
430,EQX1073,S001,OP121,2024-08-15,2024-08-26,0.74,7.6,11,False,Under-utilised
431,EQX1092,S010,OP101,2024-08-15,2024-08-26,1.82,9.16,10,True,Overdue Equipment
432,EQX1005,S001,OP106,2024-08-20,2024-09-02,9.26,2.45,29,False,
433,EQX1029,S002,OP125,2024-08-20,2024-09-02,7.79,1.74,11,True,Overdue Equipment
434,EQX1050,S004,OP114,2024-08-20,2024-08-26,0.85,6.5,18,False,Under-utilised
435,EQX1052,S010,OP113,2024-08-20,2024-08-26,1.55,7.72,25,False,Under-utilised
436,EQX1060,S002,OP129,2024-08-20,2024-08-26,6.92,2.35,14,False,
437,EQX1102,S007,OP142,2024-08-20,2024-08-26,1.98,9.07,25,False,High Idle Time
438,EQX1118,S007,OP112,2024-08-20,2024-08-26,8.42,2.18,17,False,
439,EQX1017,S008,OP143,2024-08-21,2024-09-23,0.43,7.03,27,True,Overdue Equipment
440,EQX1039,S004,OP104,2024-08-21,2024-08-26,6.96,1.91,21,False,
441,EQX1041,S003,OP138,2024-08-21,2024-09-02,2.18,5.46,19,False,
442,EQX1009,S001,OP106,2024-08-22,2024-09-02,5.14,2.31,15,False,
443,EQX1013,S006,OP127,2024-08-22,2024-08-26,0.94,5.58,30,False,Under-utilised
444,EQX1025,S003,OP136,2024-08-22,2024-09-09,4.38,3.03,35,False,
445,EQX1037,S005,OP107,2024-08-22,2024-08-26,4.24,3.39,12,False,
446,EQX1057,S005,OP123,2024-08-22,2024-09-02,6.01,2.55,21,False,
447,EQX1120,S009,OP127,2024-08-22,2024-08-26,5.98,2.09,15,False,
448,EQX1021,S007,OP139,2024-08-27,2024-09-09,7.35,0.71,19,False,
449,EQX1047,S006,OP127,2024-08-27,2024-09-02,9.46,1.41,35,False,
450,EQX1073,S005,OP119,2024-08-27,2024-09-02,4.76,2.02,15,False,
451,EQX1083,S009,OP138,2024-08-27,2024-09-02,6.17,4.43,17,False,
452,EQX1088,S005,OP129,2024-08-27,2024-09-02,6.91,1.92,10,False,
453,EQX1062,S009,OP145,2024-08-28,2024-09-02,4.19,2.75,10,False,
454,EQX1094,S006,OP136,2024-08-28,2024-09-02,9.01,2.25,33,False,
455,EQX1058,S005,OP137,2024-08-29,2024-09-16,5.16,3.92,15,True,Overdue Equipment
456,EQX1071,S004,OP106,2024-08-29,2024-09-02,6.38,3.28,6,False,
457,EQX1113,S001,OP121,2024-08-29,2024-09-02,1.21,7.72,18,False,Under-utilised
458,EQX1003,S003,,2024-09-03,2024-09-16,2.86,9.14,34,False,Missing Operator
459,EQX1004,S007,OP112,2024-09-03,2024-09-16,6.1,2.73,11,True,Overdue Equipment
460,EQX1026,S003,OP109,2024-09-03,2024-09-09,4.55,3.05,41,False,
461,EQX1034,S007,OP141,2024-09-03,2024-09-23,6.43,3.24,21,False,
462,EQX1074,S010,OP126,2024-09-03,2024-09-16,7.7,0.78,18,False,
463,EQX1032,S005,OP115,2024-09-04,2024-09-09,9.22,1.48,17,False,
464,EQX1052,S007,OP104,2024-09-04,2024-09-09,8.65,0.65,26,False,
465,EQX1053,S002,OP103,2024-09-04,2024-09-09,4.69,2.41,27,False,
466,EQX1038,S007,OP108,2024-09-05,2024-09-23,8.66,1.47,27,False,
467,EQX1040,S009,OP132,2024-09-05,2024-09-16,6.75,4.02,34,False,
468,EQX1044,S008,OP118,2024-09-05,2024-09-09,3.0,8.75,13,False,High Idle Time
469,EQX1062,S003,OP141,2024-09-05,2024-09-30,4.52,3.82,14,True,Overdue Equipment
470,EQX1093,S007,OP127,2024-09-05,2024-09-16,2.7,7.9,20,False,
471,EQX1103,S009,OP126,2024-09-05,2024-10-07,2.38,7.99,11,True,Overdue Equipment
472,EQX1015,S010,OP137,2024-09-10,2024-09-23,7.88,0.57,37,False,
473,EQX1019,S001,OP131,2024-09-10,2024-09-23,8.12,0.59,41,False,
474,EQX1041,S009,OP132,2024-09-10,2024-09-30,1.66,8.15,34,False,High Idle Time
475,EQX1049,S001,OP104,2024-09-10,2024-09-16,9.04,1.46,28,False,
476,EQX1059,S008,,2024-09-10,2024-09-16,5.95,3.35,15,False,Missing Operator
477,EQX1104,S005,OP101,2024-09-10,2024-09-16,6.23,4.02,9,False,
478,EQX1108,S008,OP121,2024-09-10,2024-09-23,6.77,2.88,15,False,
479,EQX1092,S009,OP123,2024-09-11,2024-09-16,4.93,2.9,31,False,
480,EQX1113,S001,OP120,2024-09-11,2024-09-30,6.53,3.4,9,True,Overdue Equipment
481,EQX1082,S009,OP114,2024-09-12,2024-09-30,0.64,7.76,18,False,Under-utilised
482,EQX1101,S007,OP143,2024-09-12,2024-09-23,7.88,1.27,23,False,
483,EQX1030,S007,OP139,2024-09-17,2024-09-30,6.24,2.6,14,False,
484,EQX1056,S002,OP114,2024-09-17,2024-10-14,7.76,0.98,22,True,Overdue Equipment
485,EQX1077,S005,OP119,2024-09-17,2024-10-14,5.55,4.07,12,True,Overdue Equipment
486,EQX1002,S005,OP102,2024-09-18,2024-09-23,1.46,9.1,24,False,High Idle Time
487,EQX1003,S004,OP139,2024-09-18,2024-10-07,0.82,8.76,39,False,High Idle Time
488,EQX1093,S002,OP141,2024-09-18,2024-09-23,6.13,3.76,8,False,
489,EQX1116,S008,OP108,2024-09-18,2024-09-23,2.53,8.71,11,False,High Idle Time
490,EQX1025,S010,OP135,2024-09-19,2024-09-30,6.92,3.65,18,False,
491,EQX1039,S010,OP135,2024-09-19,2024-09-23,2.8,5.56,11,False,
492,EQX1042,S005,OP121,2024-09-19,2024-09-30,6.51,4.3,24,False,
493,EQX1047,S002,OP139,2024-09-19,2024-09-30,5.45,2.63,15,False,
494,EQX1086,S008,OP122,2024-09-19,2024-09-30,5.19,4.21,26,False,
495,EQX1075,S010,OP112,2024-09-24,2024-09-30,5.18,3.25,12,False,
496,EQX1029,S005,OP123,2024-09-25,2024-09-30,2.12,6.03,18,False,
497,EQX1053,S009,OP143,2024-09-25,2024-09-30,5.4,2.78,7,False,
498,EQX1060,S005,OP115,2024-09-25,2024-09-30,4.8,3.23,22,False,
499,EQX1064,S007,OP108,2024-09-25,2024-09-30,5.4,3.42,15,False,
500,EQX1100,S005,OP137,2024-09-25,2024-09-30,4.43,2.72,21,False,
501,EQX1038,S001,OP119,2024-09-26,2024-09-30,2.94,5.2,25,False,
502,EQX1043,S003,OP133,2024-09-26,2024-09-30,9.3,0.8,24,False,
503,EQX1046,S003,OP103,2024-09-26,2024-09-30,2.72,5.54,32,False,
504,EQX1050,S010,OP141,2024-09-26,2024-09-30,9.43,1.01,25,False,
505,EQX1061,S004,OP134,2024-09-26,2024-10-07,4.71,3.5,28,False,
506,EQX1081,S003,OP114,2024-09-26,2024-10-14,5.97,2.12,29,False,
507,EQX1095,S006,OP110,2024-09-26,2024-09-30,5.98,2.5,22,False,
508,EQX1004,S001,OP106,2024-10-01,2024-10-07,5.88,2.02,18,False,
509,EQX1085,S003,OP144,2024-10-01,2024-10-14,5.34,2.58,23,False,
510,EQX1093,S002,OP101,2024-10-01,2024-10-14,7.62,1.12,31,False,
511,EQX1100,S002,OP139,2024-10-01,2024-11-04,6.38,3.61,33,True,Overdue Equipment
512,EQX1114,S006,OP131,2024-10-01,2024-10-07,8.62,1.95,10,False,
513,EQX1062,S006,OP102,2024-10-02,2024-11-04,6.99,2.71,15,True,Overdue Equipment
514,EQX1067,S002,OP138,2024-10-02,2024-10-21,6.59,1.14,10,True,Overdue Equipment
515,EQX1082,S010,OP114,2024-10-02,2024-10-14,4.23,3.41,8,True,Overdue Equipment
516,EQX1094,S004,OP110,2024-10-02,2024-10-07,2.63,8.03,32,False,High Idle Time
517,EQX1027,S005,,2024-10-03,2024-10-07,6.19,3.24,21,False,Missing Operator
518,EQX1039,S010,OP114,2024-10-03,2024-10-07,4.92,2.25,22,False,
519,EQX1058,S001,OP134,2024-10-03,2024-10-07,5.42,2.3,19,False,
520,EQX1076,S004,OP142,2024-10-03,2024-10-07,6.36,2.64,16,False,
521,EQX1088,S007,OP117,2024-10-03,2024-10-21,4.48,2.42,19,False,
522,EQX1112,S007,OP115,2024-10-08,2024-10-21,4.2,2.71,14,False,
523,EQX1119,S007,OP119,2024-10-08,2024-10-28,1.73,7.73,13,True,Overdue Equipment
524,EQX1120,S005,OP101,2024-10-08,2024-10-14,4.59,2.92,19,False,
525,EQX1038,S002,OP128,2024-10-09,2024-10-21,4.69,2.58,25,False,
526,EQX1080,S006,OP143,2024-10-09,2024-10-14,4.33,2.32,18,False,
527,EQX1097,S003,OP104,2024-10-09,2024-10-21,5.35,3.53,35,False,
528,EQX1106,S004,OP131,2024-10-09,2024-10-14,8.61,2.2,15,False,
529,EQX1116,S005,OP101,2024-10-09,2024-10-14,6.52,3.0,16,False,
530,EQX1025,S002,OP139,2024-10-10,2024-10-14,7.63,1.39,36,False,
531,EQX1055,S009,OP123,2024-10-10,2024-10-14,1.34,6.42,24,False,Under-utilised
532,EQX1092,S003,OP143,2024-10-10,2024-11-11,1.1,7.89,21,True,Overdue Equipment
533,EQX1039,S002,OP124,2024-10-15,2024-10-21,6.85,2.47,13,False,
534,EQX1074,S007,OP141,2024-10-15,2024-10-28,5.65,4.45,15,False,
535,EQX1026,S006,OP134,2024-10-16,2024-10-21,2.62,5.47,25,False,
536,EQX1072,S004,OP116,2024-10-16,2024-11-04,6.56,3.6,9,True,Overdue Equipment
537,EQX1001,S001,OP135,2024-10-17,2024-10-28,2.64,6.41,20,False,
538,EQX1030,S001,OP133,2024-10-17,2024-11-04,7.47,1.89,19,False,
539,EQX1042,S004,OP105,2024-10-17,2024-11-11,4.13,3.86,11,True,Overdue Equipment
540,EQX1048,S005,OP123,2024-10-17,2024-10-28,7.73,1.42,21,False,
541,EQX1081,S007,OP113,2024-10-17,2024-10-21,4.42,3.87,33,False,
542,EQX1113,S007,OP139,2024-10-17,2024-10-28,2.35,9.28,12,False,High Idle Time
543,EQX1115,S002,OP140,2024-10-17,2024-10-21,4.48,2.17,7,False,
544,EQX1012,S003,OP121,2024-10-22,2024-11-04,4.49,4.35,30,False,
545,EQX1028,S007,OP138,2024-10-22,2024-10-28,6.41,3.09,30,False,
546,EQX1041,S010,OP117,2024-10-22,2024-11-25,5.33,3.35,19,True,Overdue Equipment
547,EQX1045,S001,OP124,2024-10-22,2024-11-04,1.07,8.98,17,False,High Idle Time
548,EQX1059,S006,OP138,2024-10-22,2024-11-04,6.24,2.6,10,True,Overdue Equipment
549,EQX1107,S005,OP133,2024-10-22,2024-10-28,6.72,1.79,20,False,
550,EQX1116,S008,OP124,2024-10-22,2024-11-04,9.5,2.42,6,True,Overdue Equipment
551,EQX1021,S010,,2024-10-23,2024-10-28,8.68,1.02,27,False,Missing Operator
552,EQX1027,S005,OP117,2024-10-23,2024-10-28,4.72,4.08,21,False,
553,EQX1054,S001,OP110,2024-10-23,2024-11-11,0.51,6.22,12,True,Overdue Equipment
554,EQX1060,S010,OP123,2024-10-23,2024-10-28,5.57,2.22,25,False,
555,EQX1003,S001,OP119,2024-10-24,2024-11-11,3.02,6.81,41,False,
556,EQX1004,S004,OP102,2024-10-24,2024-11-04,2.29,7.66,42,False,
557,EQX1040,S003,OP145,2024-10-24,2024-11-11,1.72,7.46,23,False,Under-utilised
558,EQX1084,S006,OP108,2024-10-24,2024-10-28,6.14,2.4,22,False,
559,EQX1102,S010,OP115,2024-10-24,2024-11-04,5.44,2.96,17,False,
560,EQX1118,S001,OP136,2024-10-24,2024-11-04,4.58,4.15,19,False,
561,EQX1086,S009,OP107,2024-10-29,2024-11-04,5.13,4.11,34,False,
562,EQX1096,S002,OP118,2024-10-29,2024-11-18,0.71,7.55,20,False,Under-utilised
563,EQX1106,S002,,2024-10-29,2024-11-04,5.62,3.79,15,False,Missing Operator
564,EQX1028,S004,OP120,2024-10-30,2024-11-18,8.04,1.08,27,False,
565,EQX1049,S002,OP111,2024-10-30,2024-11-18,4.33,4.04,28,False,
566,EQX1064,S001,OP115,2024-10-31,2024-11-11,4.63,3.92,24,False,
567,EQX1079,S002,OP145,2024-10-31,2024-11-11,8.28,1.5,21,False,
568,EQX1090,S009,OP139,2024-10-31,2024-11-11,7.25,0.65,29,False,
569,EQX1093,S009,OP140,2024-10-31,2024-11-18,6.12,2.22,22,False,
570,EQX1108,S008,OP110,2024-10-31,2024-11-04,9.14,0.9,15,False,
571,EQX1119,S004,OP141,2024-10-31,2024-11-04,6.05,2.15,15,False,
572,EQX1013,S006,OP115,2024-11-05,2024-11-11,0.46,8.82,17,False,High Idle Time
573,EQX1027,S006,OP140,2024-11-05,2024-11-11,4.45,2.94,10,False,
574,EQX1043,S002,OP108,2024-11-05,2024-11-18,1.88,5.27,24,False,
575,EQX1048,S010,OP102,2024-11-05,2024-11-25,4.43,2.14,14,True,Overdue Equipment
576,EQX1066,S005,OP141,2024-11-05,2024-11-25,8.98,0.81,10,True,Overdue Equipment
577,EQX1083,S001,OP115,2024-11-05,2024-11-18,9.33,1.72,15,False,
578,EQX1008,S010,OP116,2024-11-06,2024-11-18,5.76,2.61,25,False,
579,EQX1018,S008,OP121,2024-11-06,2024-11-18,5.0,3.56,24,False,
580,EQX1039,S005,OP101,2024-11-06,2024-11-18,5.05,2.36,32,False,
581,EQX1056,S005,OP121,2024-11-06,2024-11-11,6.27,3.97,22,False,
582,EQX1071,S007,OP128,2024-11-06,2024-11-18,6.92,4.06,21,False,
583,EQX1113,S003,OP117,2024-11-06,2024-11-18,2.16,6.03,16,False,
584,EQX1019,S005,OP117,2024-11-07,2024-11-25,4.59,2.21,13,True,Overdue Equipment
585,EQX1031,S010,OP117,2024-11-07,2024-12-02,7.59,1.92,13,True,Overdue Equipment
586,EQX1035,S003,OP119,2024-11-07,2024-11-11,4.01,4.29,34,False,
587,EQX1063,S003,OP144,2024-11-07,2024-12-02,4.63,2.63,28,False,
588,EQX1099,S007,OP138,2024-11-07,2024-11-18,9.22,0.96,15,False,
589,EQX1100,S007,OP112,2024-11-07,2024-11-25,1.14,8.6,14,True,Overdue Equipment
590,EQX1112,S006,OP135,2024-11-07,2024-11-11,7.95,1.24,16,False,
591,EQX1116,S010,OP128,2024-11-07,2024-11-11,6.98,3.8,17,False,
592,EQX1016,S007,OP123,2024-11-12,2024-11-18,8.76,0.76,42,False,
593,EQX1020,S007,OP122,2024-11-12,2024-11-18,1.59,5.86,26,False,
594,EQX1040,S009,OP133,2024-11-12,2024-11-18,4.47,4.33,12,False,
595,EQX1061,S004,OP141,2024-11-12,2024-11-18,4.43,4.03,9,False,
596,EQX1069,S007,OP116,2024-11-12,2024-11-25,6.78,1.84,21,False,
597,EQX1075,S007,OP136,2024-11-12,2024-12-02,9.0,1.63,13,True,Overdue Equipment
598,EQX1015,S003,OP124,2024-11-13,2024-11-18,5.42,2.66,18,False,
599,EQX1022,S010,OP112,2024-11-13,2024-11-25,5.71,3.93,15,False,
600,EQX1044,S006,OP104,2024-11-13,2024-12-02,6.36,2.17,33,False,
601,EQX1045,S006,OP133,2024-11-13,2024-11-25,0.92,8.76,12,False,High Idle Time
602,EQX1051,S003,OP133,2024-11-13,2024-12-16,4.31,2.9,26,True,Overdue Equipment
603,EQX1102,S001,OP139,2024-11-13,2024-11-25,2.74,8.25,8,True,Overdue Equipment
604,EQX1114,S001,OP113,2024-11-13,2024-11-18,5.77,2.58,10,False,
605,EQX1009,S007,OP108,2024-11-14,2024-11-25,4.78,4.07,35,False,
606,EQX1078,S006,OP127,2024-11-14,2024-11-18,5.16,3.65,13,False,
607,EQX1079,S003,OP123,2024-11-14,2024-11-18,4.47,2.59,5,False,
608,EQX1008,S001,OP143,2024-11-19,2024-12-02,4.68,3.7,12,True,Overdue Equipment
609,EQX1099,S003,OP104,2024-11-19,2024-11-25,5.37,4.47,12,False,
610,EQX1109,S010,OP136,2024-11-19,2024-11-25,0.64,7.07,16,False,Under-utilised
611,EQX1118,S005,OP115,2024-11-19,2024-12-02,1.02,6.7,11,True,Overdue Equipment
612,EQX1057,S005,OP104,2024-11-20,2024-11-25,2.57,8.75,9,False,High Idle Time
613,EQX1058,S005,OP136,2024-11-20,2024-11-25,4.51,3.75,17,False,
614,EQX1065,S010,OP120,2024-11-20,2024-12-02,1.03,5.2,7,True,Overdue Equipment
615,EQX1074,S004,OP125,2024-11-20,2024-11-25,8.72,1.89,21,False,
616,EQX1080,S002,OP132,2024-11-20,2024-11-25,1.29,7.8,17,False,Under-utilised
617,EQX1098,S004,OP119,2024-11-20,2024-11-25,9.31,1.61,26,False,
618,EQX1029,S003,OP144,2024-11-21,2024-11-25,4.85,2.2,14,False,
619,EQX1042,S010,OP122,2024-11-21,2024-12-02,8.94,0.8,30,False,
620,EQX1061,S005,OP136,2024-11-21,2024-12-02,1.14,7.44,25,False,Under-utilised
621,EQX1062,S010,OP132,2024-11-21,2024-11-25,4.15,3.36,27,False,
622,EQX1083,S006,OP126,2024-11-21,2024-11-25,5.31,3.5,21,False,
623,EQX1120,S002,OP115,2024-11-21,2024-12-09,5.69,3.64,15,True,Overdue Equipment
624,EQX1035,S007,OP123,2024-11-26,2024-12-02,7.55,0.68,18,False,
625,EQX1052,S006,OP145,2024-11-26,2025-01-06,6.65,1.68,26,True,Overdue Equipment
626,EQX1057,S002,OP120,2024-11-26,2024-12-02,9.11,2.02,10,False,
627,EQX1001,S009,OP119,2024-11-27,2024-12-02,8.22,0.52,18,False,
628,EQX1049,S004,OP129,2024-11-27,2024-12-09,9.46,1.41,11,True,Overdue Equipment
629,EQX1009,S006,,2024-11-28,2024-12-09,9.05,2.33,16,False,Missing Operator
630,EQX1089,S002,OP125,2024-11-28,2024-12-09,6.12,3.95,30,False,
631,EQX1103,S004,OP118,2024-11-28,2024-12-16,5.48,4.08,10,True,Overdue Equipment
632,EQX1105,S005,OP132,2024-11-28,2024-12-02,4.78,2.01,6,False,
633,EQX1113,S003,OP137,2024-11-28,2024-12-02,4.25,2.16,16,False,
634,EQX1041,S005,OP103,2024-12-03,2024-12-23,6.83,2.26,20,False,
635,EQX1044,S003,OP139,2024-12-03,2025-01-06,6.49,3.0,35,False,
636,EQX1075,S002,OP130,2024-12-03,2024-12-09,5.63,3.51,4,True,Overdue Equipment
637,EQX1106,S006,OP133,2024-12-03,2024-12-09,7.56,1.74,17,False,
638,EQX1006,S004,OP122,2024-12-04,2024-12-23,7.06,1.27,21,False,
639,EQX1076,S002,OP114,2024-12-04,2024-12-23,5.53,3.8,19,False,
640,EQX1079,S004,OP101,2024-12-04,2024-12-09,4.09,4.25,12,False,
641,EQX1099,S002,OP115,2024-12-04,2024-12-23,1.16,7.18,20,False,Under-utilised
642,EQX1112,S004,OP105,2024-12-04,2024-12-16,6.72,2.96,19,False,
643,EQX1114,S010,,2024-12-04,2024-12-09,6.74,3.5,14,False,Missing Operator
644,EQX1020,S010,OP102,2024-12-05,2024-12-16,8.38,2.09,31,False,
645,EQX1085,S002,OP127,2024-12-05,2024-12-23,5.58,3.57,7,True,Overdue Equipment
646,EQX1093,S001,OP133,2024-12-05,2024-12-09,7.0,3.27,14,False,
647,EQX1095,S005,OP111,2024-12-05,2024-12-09,6.38,2.34,27,False,
648,EQX1101,S007,OP118,2024-12-05,2025-01-06,9.42,1.96,30,True,Overdue Equipment
649,EQX1040,S007,OP102,2024-12-11,2024-12-16,4.05,2.42,33,False,
650,EQX1045,S010,OP129,2024-12-11,2024-12-16,7.69,1.61,33,False,
651,EQX1048,S010,OP145,2024-12-11,2024-12-23,8.42,2.41,22,False,
652,EQX1073,S001,OP105,2024-12-12,2024-12-16,2.73,7.0,13,False,
653,EQX1092,S008,OP119,2024-12-12,2024-12-23,5.51,2.39,20,False,
654,EQX1015,S008,OP130,2024-12-17,2024-12-23,2.29,7.87,19,False,
655,EQX1067,S009,OP104,2024-12-17,2024-12-30,4.46,4.18,16,False,
656,EQX1110,S007,OP111,2024-12-17,2024-12-30,6.72,1.75,10,True,Overdue Equipment
657,EQX1066,S006,OP112,2024-12-18,2024-12-23,4.36,2.52,4,True,Overdue Equipment
658,EQX1068,S002,OP118,2024-12-18,2024-12-30,3.0,7.14,18,False,
659,EQX1086,S006,OP136,2024-12-18,2024-12-23,1.29,8.16,33,False,High Idle Time
660,EQX1027,S005,OP122,2024-12-19,2024-12-23,6.53,3.94,35,False,
661,EQX1051,S002,OP139,2024-12-19,2024-12-30,4.45,4.02,28,False,
662,EQX1100,S006,OP142,2024-12-19,2024-12-30,8.54,1.45,34,False,
663,EQX1112,S005,OP117,2024-12-19,2024-12-23,8.57,1.47,13,False,
664,EQX1007,S009,OP120,2024-12-24,2024-12-30,0.98,5.01,26,False,Under-utilised
665,EQX1056,S008,OP138,2024-12-24,2024-12-30,7.31,1.8,21,False,
666,EQX1037,S007,OP104,2024-12-25,2024-12-30,4.35,4.45,30,False,
667,EQX1065,S001,OP138,2024-12-25,2025-01-06,7.57,2.25,20,False,
668,EQX1106,S010,OP139,2024-12-25,2025-01-06,4.96,4.43,11,True,Overdue Equipment
669,EQX1119,S010,OP122,2024-12-25,2025-01-06,4.02,2.02,18,False,
670,EQX1023,S006,OP116,2024-12-26,2024-12-30,1.19,8.65,13,False,High Idle Time
671,EQX1040,S001,OP113,2024-12-26,2025-01-20,6.94,2.21,21,True,Overdue Equipment
672,EQX1053,S010,OP108,2024-12-26,2024-12-30,0.55,5.75,26,False,Under-utilised
673,EQX1078,S010,OP141,2024-12-26,2024-12-30,5.59,3.01,10,False,
674,EQX1095,S007,OP121,2024-12-26,2025-01-13,9.34,0.84,32,False,
675,EQX1112,S004,OP127,2024-12-26,2024-12-30,4.97,2.35,11,False,
676,EQX1020,S003,OP115,2024-12-31,2025-01-06,5.02,3.52,42,False,
677,EQX1047,S002,OP124,2024-12-31,2025-01-06,4.35,4.18,32,False,
678,EQX1066,S004,OP133,2024-12-31,2025-01-13,4.97,2.04,17,False,
679,EQX1085,S001,OP107,2024-12-31,2025-01-06,6.35,3.63,15,False,
680,EQX1115,S005,OP106,2024-12-31,2025-01-13,0.83,9.37,18,False,High Idle Time
681,EQX1022,S004,OP132,2025-01-01,2025-02-10,7.3,1.52,28,True,Overdue Equipment
682,EQX1039,S008,OP112,2025-01-01,2025-01-13,7.83,0.89,11,True,Overdue Equipment
683,EQX1060,S003,OP128,2025-01-01,2025-01-06,6.27,3.54,18,False,
684,EQX1082,S004,OP116,2025-01-01,2025-01-06,4.93,4.07,24,False,
685,EQX1083,S009,OP132,2025-01-01,2025-01-13,5.49,2.28,33,False,
686,EQX1097,S001,OP114,2025-01-01,2025-01-13,7.58,1.9,29,False,
687,EQX1099,S002,OP113,2025-01-01,2025-01-20,3.18,6.92,15,True,Overdue Equipment
688,EQX1014,S008,OP115,2025-01-02,2025-02-17,6.3,2.8,17,True,Overdue Equipment
689,EQX1016,S002,OP115,2025-01-02,2025-01-06,6.03,2.59,34,False,
690,EQX1055,S005,OP113,2025-01-02,2025-01-06,5.07,3.44,26,False,
691,EQX1077,S004,OP116,2025-01-02,2025-01-13,4.62,2.37,21,False,
692,EQX1086,S004,OP129,2025-01-02,2025-01-20,2.88,9.07,19,False,High Idle Time
693,EQX1092,S007,OP119,2025-01-02,2025-02-10,0.78,5.44,11,True,Overdue Equipment
694,EQX1100,S008,OP103,2025-01-02,2025-01-13,5.56,3.83,15,False,
695,EQX1117,S002,OP119,2025-01-02,2025-01-06,6.79,2.77,10,False,
696,EQX1012,S010,OP134,2025-01-07,2025-01-27,6.59,3.31,26,False,
697,EQX1030,S007,OP112,2025-01-07,2025-01-13,6.25,3.98,34,False,
698,EQX1046,S005,OP143,2025-01-07,2025-01-20,1.5,6.64,27,False,Under-utilised
699,EQX1065,S002,OP101,2025-01-07,2025-01-20,2.02,7.73,19,False,
700,EQX1105,S004,OP143,2025-01-07,2025-01-13,7.1,1.41,17,False,
701,EQX1011,S009,OP139,2025-01-08,2025-01-27,1.21,6.22,16,True,Overdue Equipment
702,EQX1013,S001,OP142,2025-01-09,2025-01-20,7.94,1.08,28,False,
703,EQX1021,S001,OP143,2025-01-09,2025-01-20,4.41,2.62,10,True,Overdue Equipment
704,EQX1038,S007,OP108,2025-01-09,2025-01-20,6.62,2.13,28,False,
705,EQX1052,S002,OP118,2025-01-09,2025-01-20,2.54,8.89,20,False,High Idle Time
706,EQX1063,S008,OP145,2025-01-09,2025-01-13,9.19,1.43,21,False,
707,EQX1082,S010,OP111,2025-01-09,2025-01-13,5.85,2.87,24,False,
708,EQX1091,S006,OP142,2025-01-09,2025-01-13,4.35,3.03,14,False,
709,EQX1096,S009,OP118,2025-01-09,2025-02-10,9.45,0.57,7,True,Overdue Equipment
710,EQX1104,S004,OP123,2025-01-09,2025-01-20,5.57,2.06,7,True,Overdue Equipment
711,EQX1111,S004,OP116,2025-01-09,2025-02-10,5.27,3.24,17,True,Overdue Equipment
712,EQX1112,S006,OP102,2025-01-09,2025-01-13,4.1,2.73,20,False,
713,EQX1110,S003,OP116,2025-01-14,2025-02-03,2.66,5.81,5,True,Overdue Equipment
714,EQX1117,S002,OP134,2025-01-14,2025-01-20,6.77,2.43,5,True,Overdue Equipment
715,EQX1010,S004,OP139,2025-01-15,2025-02-10,6.57,0.84,20,True,Overdue Equipment
716,EQX1016,S003,OP102,2025-01-15,2025-01-20,2.68,7.43,25,False,
717,EQX1036,S001,OP135,2025-01-15,2025-01-27,6.42,2.49,18,False,
718,EQX1041,S001,OP137,2025-01-15,2025-01-20,6.77,2.2,24,False,
719,EQX1045,S003,OP129,2025-01-15,2025-01-20,5.87,3.82,29,False,
720,EQX1066,S010,OP111,2025-01-15,2025-01-27,7.65,2.13,12,False,
721,EQX1119,S008,OP101,2025-01-15,2025-01-20,1.84,5.55,6,False,
722,EQX1009,S009,OP133,2025-01-16,2025-02-17,1.51,6.44,41,False,Under-utilised
723,EQX1043,S004,OP107,2025-01-16,2025-01-20,6.54,1.71,23,False,
724,EQX1056,S009,OP136,2025-01-16,2025-01-27,4.7,2.4,24,False,
725,EQX1105,S009,OP102,2025-01-16,2025-01-20,5.31,2.76,11,False,
726,EQX1003,S007,,2025-01-21,2025-01-27,9.08,2.47,36,False,Missing Operator
727,EQX1004,S002,OP121,2025-01-21,2025-01-27,6.09,4.16,18,False,
728,EQX1038,S010,OP143,2025-01-21,2025-01-27,9.22,1.5,15,False,
729,EQX1050,S004,OP108,2025-01-21,2025-02-03,5.62,2.61,16,False,
730,EQX1055,S005,OP132,2025-01-21,2025-01-27,2.45,5.43,25,False,
731,EQX1062,S001,OP128,2025-01-21,2025-01-27,6.87,4.18,12,False,
732,EQX1064,S003,OP115,2025-01-21,2025-01-27,4.6,2.87,12,False,
733,EQX1073,S009,OP126,2025-01-21,2025-01-27,8.97,2.06,9,False,
734,EQX1099,S009,OP124,2025-01-21,2025-02-10,4.19,4.41,20,False,
735,EQX1058,S008,OP109,2025-01-22,2025-01-27,2.29,8.97,24,False,High Idle Time
736,EQX1100,S006,OP112,2025-01-22,2025-01-27,4.94,2.39,8,False,
737,EQX1047,S010,OP125,2025-01-23,2025-01-27,6.63,1.88,27,False,
738,EQX1069,S010,OP145,2025-01-23,2025-02-17,4.16,2.28,18,True,Overdue Equipment
739,EQX1078,S004,OP132,2025-01-23,2025-01-27,6.82,3.02,17,False,
740,EQX1109,S003,OP143,2025-01-23,2025-02-24,3.13,8.19,12,True,Overdue Equipment
741,EQX1114,S007,,2025-01-23,2025-01-27,5.85,4.44,8,False,Missing Operator
742,EQX1005,S006,OP112,2025-01-28,2025-02-03,6.35,3.04,41,False,
743,EQX1113,S008,OP113,2025-01-28,2025-02-03,8.72,2.16,10,False,
744,EQX1117,S009,OP119,2025-01-28,2025-02-03,2.98,8.35,5,True,Overdue Equipment
745,EQX1120,S009,OP106,2025-01-28,2025-02-03,6.82,2.52,11,False,
746,EQX1006,S006,OP133,2025-01-29,2025-02-10,7.79,1.66,25,False,
747,EQX1017,S004,OP110,2025-01-29,2025-02-10,8.95,0.55,12,False,
748,EQX1037,S009,OP113,2025-01-29,2025-02-03,2.08,9.29,17,False,High Idle Time
749,EQX1085,S010,OP109,2025-01-29,2025-02-17,5.85,3.92,8,True,Overdue Equipment
750,EQX1091,S010,OP144,2025-01-29,2025-02-10,4.47,2.12,29,False,
751,EQX1102,S010,OP117,2025-01-29,2025-02-03,7.98,1.78,29,False,
752,EQX1019,S001,,2025-01-30,2025-02-10,6.14,2.1,13,False,Missing Operator
753,EQX1034,S009,OP137,2025-01-30,2025-02-24,8.78,2.06,13,True,Overdue Equipment
754,EQX1056,S006,OP135,2025-01-30,2025-02-03,6.24,4.41,18,False,
755,EQX1090,S004,OP103,2025-01-30,2025-02-03,2.2,6.44,27,False,
756,EQX1107,S002,OP125,2025-01-30,2025-02-03,8.39,1.36,21,False,
757,EQX1012,S004,OP109,2025-02-04,2025-02-10,7.15,2.37,18,False,
758,EQX1023,S002,OP123,2025-02-04,2025-02-24,8.86,2.3,34,False,
759,EQX1045,S008,OP136,2025-02-04,2025-02-10,4.18,4.11,23,False,
760,EQX1052,S009,OP103,2025-02-04,2025-02-17,4.83,3.57,16,False,
761,EQX1095,S003,OP145,2025-02-04,2025-02-24,8.62,2.31,19,True,Overdue Equipment
762,EQX1101,S005,OP124,2025-02-04,2025-02-10,6.86,3.1,15,False,
763,EQX1004,S003,OP126,2025-02-05,2025-02-17,2.57,5.4,19,False,
764,EQX1025,S001,OP135,2025-02-05,2025-02-10,2.95,6.58,38,False,
765,EQX1027,S004,OP123,2025-02-05,2025-02-10,4.67,2.08,16,False,
766,EQX1040,S004,OP136,2025-02-05,2025-02-10,7.95,0.62,33,False,
767,EQX1054,S010,OP125,2025-02-05,2025-02-17,9.35,1.49,11,True,Overdue Equipment
768,EQX1058,S007,OP123,2025-02-05,2025-02-10,0.98,5.4,11,False,Under-utilised
769,EQX1063,S005,OP138,2025-02-05,2025-02-10,5.05,3.15,11,False,
770,EQX1072,S008,OP140,2025-02-05,2025-02-10,1.29,7.13,11,False,Under-utilised
771,EQX1118,S001,OP112,2025-02-05,2025-02-10,4.27,3.79,19,False,
772,EQX1015,S010,OP114,2025-02-06,2025-02-10,4.53,3.08,21,False,
773,EQX1050,S008,OP125,2025-02-06,2025-02-17,5.92,4.34,18,False,
774,EQX1053,S005,OP113,2025-02-06,2025-02-10,5.15,4.42,27,False,
775,EQX1061,S005,OP138,2025-02-06,2025-02-17,0.48,5.52,26,False,Under-utilised
776,EQX1087,S009,OP119,2025-02-06,2025-02-17,6.75,1.47,15,False,
777,EQX1001,S009,OP145,2025-02-11,2025-02-17,9.42,1.45,31,False,
778,EQX1032,S002,OP144,2025-02-11,2025-02-24,9.41,1.53,15,False,
779,EQX1082,S002,OP139,2025-02-11,2025-02-24,6.74,1.85,16,False,
780,EQX1017,S009,OP137,2025-02-12,2025-02-24,5.87,4.12,28,False,
781,EQX1024,S007,OP118,2025-02-12,2025-02-17,6.59,3.86,12,False,
782,EQX1041,S001,OP110,2025-02-12,2025-02-17,4.4,3.21,28,False,
783,EQX1089,S003,OP109,2025-02-12,2025-02-24,5.62,2.98,15,False,
784,EQX1107,S002,OP123,2025-02-12,2025-03-03,5.18,3.39,19,False,
785,EQX1003,S009,OP140,2025-02-13,2025-03-10,9.21,1.25,14,True,Overdue Equipment
786,EQX1045,S006,OP128,2025-02-13,2025-03-03,5.84,2.96,32,False,
787,EQX1067,S003,OP136,2025-02-13,2025-02-17,3.0,8.42,20,False,High Idle Time
788,EQX1099,S002,OP140,2025-02-13,2025-02-24,5.31,4.28,7,True,Overdue Equipment
789,EQX1011,S006,OP104,2025-02-18,2025-03-03,2.53,8.76,16,False,High Idle Time
790,EQX1037,S004,OP105,2025-02-18,2025-03-03,5.54,3.38,17,False,
791,EQX1041,S009,OP119,2025-02-18,2025-03-03,5.99,2.81,33,False,
792,EQX1058,S004,OP141,2025-02-18,2025-03-03,5.52,2.88,16,False,
793,EQX1103,S007,OP120,2025-02-18,2025-02-24,7.27,1.78,9,False,
794,EQX1030,S008,OP125,2025-02-19,2025-02-24,4.1,2.82,14,False,
795,EQX1062,S004,OP128,2025-02-19,2025-03-03,4.7,2.72,8,True,Overdue Equipment
796,EQX1085,S007,OP139,2025-02-19,2025-02-24,6.24,4.4,17,False,
797,EQX1087,S002,OP138,2025-02-19,2025-03-10,7.44,0.65,19,False,
798,EQX1120,S003,OP142,2025-02-19,2025-03-24,4.05,2.51,13,True,Overdue Equipment
799,EQX1064,S002,OP110,2025-02-20,2025-03-03,5.08,3.36,18,False,
800,EQX1069,S009,OP107,2025-02-20,2025-02-24,6.52,2.98,3,True,Overdue Equipment
801,EQX1118,S006,OP133,2025-02-20,2025-02-24,5.62,2.17,11,False,
802,EQX1020,S003,OP109,2025-02-25,2025-03-10,7.86,0.94,36,False,
803,EQX1048,S007,OP140,2025-02-25,2025-03-03,8.54,2.13,22,False,
804,EQX1077,S003,OP137,2025-02-25,2025-03-03,8.19,2.47,6,False,
805,EQX1050,S008,OP101,2025-02-26,2025-03-03,6.19,2.41,27,False,
806,EQX1053,S006,OP109,2025-02-26,2025-03-17,0.4,6.33,18,True,Overdue Equipment
807,EQX1056,S008,OP126,2025-02-26,2025-03-03,2.28,5.95,27,False,
808,EQX1099,S010,OP144,2025-02-26,2025-03-03,2.91,7.19,27,False,
809,EQX1101,S010,OP145,2025-02-26,2025-03-10,7.28,2.39,35,False,
810,EQX1059,S005,OP108,2025-02-27,2025-03-10,7.44,0.79,16,False,
811,EQX1113,S010,OP123,2025-02-27,2025-03-03,8.07,1.29,7,False,
812,EQX1117,S004,OP108,2025-02-27,2025-03-17,6.94,0.58,11,True,Overdue Equipment
813,EQX1118,S002,OP133,2025-02-27,2025-03-24,7.04,1.99,21,True,Overdue Equipment
814,EQX1028,S009,OP136,2025-03-04,2025-03-10,7.41,1.63,11,False,
815,EQX1036,S010,OP128,2025-03-04,2025-03-17,6.03,4.47,31,False,
816,EQX1076,S005,OP126,2025-03-04,2025-03-10,4.0,2.1,16,False,
817,EQX1111,S006,OP118,2025-03-04,2025-03-10,9.43,1.64,15,False,
818,EQX1011,S009,OP102,2025-03-05,2025-03-10,6.96,4.11,14,False,
819,EQX1025,S002,OP130,2025-03-05,2025-03-10,6.63,3.08,14,False,
820,EQX1027,S005,OP110,2025-03-05,2025-03-17,8.14,2.33,15,False,
821,EQX1082,S003,OP143,2025-03-05,2025-03-24,1.53,8.85,17,True,Overdue Equipment
822,EQX1105,S008,OP107,2025-03-05,2025-03-17,8.55,1.17,7,True,Overdue Equipment
823,EQX1005,S009,OP108,2025-03-06,2025-03-24,7.44,2.25,30,False,
824,EQX1061,S009,OP124,2025-03-06,2025-03-31,1.14,5.74,19,True,Overdue Equipment
825,EQX1085,S005,OP144,2025-03-06,2025-03-17,8.76,1.56,17,False,
826,EQX1109,S005,OP139,2025-03-06,2025-03-10,4.14,2.2,7,False,
827,EQX1001,S004,OP118,2025-03-11,2025-03-17,2.01,5.99,33,False,
828,EQX1050,S010,OP116,2025-03-11,2025-03-17,7.22,0.63,18,False,
829,EQX1060,S003,OP137,2025-03-11,2025-03-17,8.66,1.03,18,False,
830,EQX1069,S004,OP134,2025-03-11,2025-03-24,5.61,2.8,13,False,
831,EQX1114,S008,OP126,2025-03-11,2025-03-24,9.1,0.99,19,False,
832,EQX1006,S008,OP108,2025-03-12,2025-03-24,1.14,5.84,24,False,Under-utilised
833,EQX1051,S007,OP129,2025-03-12,2025-03-17,8.55,1.32,7,False,
834,EQX1111,S008,OP116,2025-03-12,2025-04-07,4.4,3.51,21,True,Overdue Equipment
835,EQX1113,S009,OP112,2025-03-12,2025-03-17,7.2,1.72,6,False,
836,EQX1011,S004,OP111,2025-03-13,2025-03-17,7.63,1.62,29,False,
837,EQX1026,S001,OP138,2025-03-13,2025-04-28,6.12,2.37,30,True,Overdue Equipment
838,EQX1038,S005,OP112,2025-03-13,2025-03-24,7.63,0.98,26,False,
839,EQX1055,S010,OP140,2025-03-13,2025-03-31,5.03,2.99,19,False,
840,EQX1073,S003,OP106,2025-03-13,2025-03-17,4.03,2.75,10,False,
841,EQX1087,S001,OP132,2025-03-13,2025-03-17,4.71,3.97,12,False,
842,EQX1092,S004,OP105,2025-03-13,2025-03-24,4.45,4.13,26,False,
843,EQX1104,S009,OP136,2025-03-13,2025-03-31,4.55,3.88,12,True,Overdue Equipment
844,EQX1110,S008,OP108,2025-03-13,2025-04-07,9.34,2.26,6,True,Overdue Equipment
845,EQX1116,S003,OP139,2025-03-13,2025-03-24,4.48,3.21,12,False,
846,EQX1004,S009,OP115,2025-03-19,2025-03-24,8.15,2.33,39,False,
847,EQX1025,S007,OP138,2025-03-19,2025-03-31,9.13,1.58,26,False,
848,EQX1031,S001,OP140,2025-03-19,2025-03-31,9.07,1.57,10,True,Overdue Equipment
849,EQX1066,S008,OP145,2025-03-19,2025-03-31,5.5,2.37,3,True,Overdue Equipment
850,EQX1095,S003,OP125,2025-03-19,2025-03-31,8.48,2.26,22,False,
851,EQX1029,S005,OP143,2025-03-20,2025-03-24,6.52,4.11,31,False,
852,EQX1037,S004,OP113,2025-03-20,2025-03-24,8.81,2.04,13,False,
853,EQX1078,S006,OP136,2025-03-20,2025-03-24,5.23,3.86,19,False,
854,EQX1002,S002,OP103,2025-03-25,2025-03-31,3.17,7.13,38,False,
855,EQX1008,S005,OP106,2025-03-25,2025-04-07,1.7,8.9,13,False,High Idle Time
856,EQX1009,S004,OP107,2025-03-25,2025-03-31,6.81,4.49,39,False,
857,EQX1053,S001,OP102,2025-03-25,2025-04-07,6.94,3.73,14,False,
858,EQX1057,S007,OP115,2025-03-25,2025-04-07,4.01,3.71,23,False,
859,EQX1081,S001,OP101,2025-03-25,2025-03-31,4.69,3.38,26,False,
860,EQX1092,S002,OP132,2025-03-25,2025-04-14,7.75,2.1,35,False,
861,EQX1038,S001,OP116,2025-03-26,2025-03-31,8.37,0.82,17,False,
862,EQX1062,S005,OP110,2025-03-26,2025-04-28,1.49,8.65,18,True,Overdue Equipment
863,EQX1075,S002,OP118,2025-03-26,2025-03-31,6.63,3.29,3,True,Overdue Equipment
864,EQX1078,S007,OP128,2025-03-26,2025-03-31,4.11,3.33,4,True,Overdue Equipment
865,EQX1087,S008,OP140,2025-03-26,2025-04-07,5.82,2.33,14,False,
866,EQX1047,S007,OP124,2025-04-01,2025-04-07,5.36,3.49,25,False,
867,EQX1069,S010,OP109,2025-04-01,2025-04-07,5.08,3.26,9,False,
868,EQX1021,S008,OP139,2025-04-02,2025-04-28,6.3,3.99,12,True,Overdue Equipment
869,EQX1051,S007,OP130,2025-04-02,2025-04-07,7.28,1.86,14,False,
870,EQX1058,S007,OP140,2025-04-02,2025-04-14,0.43,6.92,8,True,Overdue Equipment
871,EQX1080,S006,OP119,2025-04-02,2025-04-07,6.3,2.36,9,False,
872,EQX1083,S002,OP135,2025-04-02,2025-04-14,5.98,4.11,10,True,Overdue Equipment
873,EQX1089,S004,OP104,2025-04-02,2025-04-07,1.73,8.15,14,False,High Idle Time
874,EQX1112,S005,OP104,2025-04-02,2025-04-14,6.53,3.3,15,False,
875,EQX1114,S008,OP137,2025-04-02,2025-04-07,9.44,0.61,9,False,
876,EQX1120,S003,OP137,2025-04-02,2025-04-14,1.12,7.22,7,True,Overdue Equipment
877,EQX1100,S002,OP113,2025-04-03,2025-04-14,6.03,3.46,34,False,
878,EQX1107,S002,OP129,2025-04-03,2025-04-07,4.88,2.08,12,False,
879,EQX1115,S008,OP122,2025-04-03,2025-04-14,5.29,2.56,13,False,
880,EQX1017,S010,OP109,2025-04-08,2025-04-14,6.82,4.12,33,False,
881,EQX1091,S002,OP121,2025-04-08,2025-04-14,9.44,1.42,20,False,
882,EQX1093,S006,OP136,2025-04-08,2025-04-14,5.16,4.19,20,False,
883,EQX1103,S003,OP143,2025-04-08,2025-04-21,7.17,2.42,19,False,
884,EQX1104,S007,OP106,2025-04-08,2025-04-21,6.29,3.85,21,False,
885,EQX1107,S006,OP108,2025-04-08,2025-04-21,4.27,3.88,8,True,Overdue Equipment
886,EQX1114,S003,OP122,2025-04-08,2025-04-21,6.9,2.47,10,True,Overdue Equipment
887,EQX1119,S007,OP139,2025-04-08,2025-04-14,6.59,1.12,19,False,
888,EQX1036,S009,OP138,2025-04-09,2025-04-14,3.14,5.53,25,False,
889,EQX1076,S005,OP119,2025-04-09,2025-04-14,6.2,3.61,16,False,
890,EQX1079,S007,OP104,2025-04-09,2025-04-28,4.99,3.49,11,True,Overdue Equipment
891,EQX1099,S005,OP106,2025-04-09,2025-04-14,8.77,1.05,22,False,
892,EQX1116,S003,OP135,2025-04-09,2025-04-28,6.05,3.61,8,True,Overdue Equipment
893,EQX1105,S009,OP127,2025-04-10,2025-04-14,4.23,2.65,8,False,
894,EQX1108,S007,OP136,2025-04-10,2025-04-28,6.33,4.12,15,True,Overdue Equipment
895,EQX1109,S010,OP110,2025-04-10,2025-05-05,6.38,2.55,17,True,Overdue Equipment
896,EQX1110,S007,OP103,2025-04-10,2025-04-21,7.24,2.31,14,False,
897,EQX1111,S006,OP113,2025-04-10,2025-04-28,5.44,3.86,5,True,Overdue Equipment
898,EQX1118,S006,OP140,2025-04-10,2025-04-28,6.85,0.7,8,True,Overdue Equipment
899,EQX1077,S002,OP115,2025-04-15,2025-04-28,7.86,1.06,5,True,Overdue Equipment
900,EQX1004,S001,OP120,2025-04-16,2025-05-19,6.52,4.31,11,True,Overdue Equipment
901,EQX1007,S006,OP139,2025-04-16,2025-04-21,8.01,0.6,19,False,
902,EQX1009,S005,OP113,2025-04-16,2025-04-21,5.85,3.06,32,False,
903,EQX1074,S010,OP137,2025-04-16,2025-04-21,6.52,2.15,6,False,
904,EQX1087,S010,OP133,2025-04-16,2025-04-21,0.52,9.42,19,False,High Idle Time
905,EQX1073,S009,OP122,2025-04-17,2025-04-21,4.13,2.98,12,False,
906,EQX1080,S003,OP105,2025-04-17,2025-04-21,6.4,2.56,18,False,
907,EQX1084,S008,OP135,2025-04-17,2025-04-28,1.27,9.45,34,False,High Idle Time
908,EQX1006,S001,OP127,2025-04-22,2025-05-19,8.55,2.1,24,True,Overdue Equipment
909,EQX1037,S005,OP101,2025-04-22,2025-04-28,6.73,1.6,14,False,
910,EQX1038,S006,OP140,2025-04-22,2025-04-28,6.45,2.68,25,False,
911,EQX1046,S010,OP136,2025-04-22,2025-04-28,2.96,8.51,24,False,High Idle Time
912,EQX1070,S001,OP135,2025-04-22,2025-04-28,6.76,2.5,4,True,Overdue Equipment
913,EQX1076,S007,OP105,2025-04-22,2025-04-28,5.88,4.25,14,False,
914,EQX1031,S003,OP123,2025-04-23,2025-04-28,8.77,1.81,21,False,
915,EQX1035,S003,OP113,2025-04-23,2025-04-28,2.58,7.18,29,False,
916,EQX1048,S006,OP138,2025-04-23,2025-04-28,9.23,2.03,12,False,
917,EQX1069,S002,OP116,2025-04-23,2025-04-28,6.95,2.78,15,False,
918,EQX1091,S001,OP109,2025-04-23,2025-05-05,6.92,3.67,31,False,
919,EQX1093,S002,OP110,2025-04-23,2025-05-12,2.89,7.41,29,False,
920,EQX1016,S002,OP136,2025-04-24,2025-05-05,6.54,3.25,41,False,
921,EQX1030,S010,OP124,2025-04-24,2025-04-28,5.62,2.02,23,False,
922,EQX1068,S005,OP131,2025-04-24,2025-05-12,8.35,2.09,21,False,
923,EQX1095,S009,OP120,2025-04-24,2025-05-05,4.57,3.02,10,True,Overdue Equipment
924,EQX1104,S001,OP139,2025-04-24,2025-04-28,4.33,3.4,16,False,
925,EQX1085,S004,OP135,2025-04-29,2025-05-12,5.25,3.5,20,False,
926,EQX1102,S006,OP101,2025-04-29,2025-05-05,1.0,5.61,30,False,Under-utilised
927,EQX1035,S001,OP124,2025-04-30,2025-05-05,8.68,2.3,17,False,
928,EQX1048,S001,OP141,2025-04-30,2025-05-05,6.93,3.77,33,False,
929,EQX1062,S006,OP145,2025-04-30,2025-05-05,4.77,3.67,15,False,
930,EQX1065,S010,OP124,2025-04-30,2025-05-05,5.57,3.32,15,False,
931,EQX1067,S004,OP143,2025-04-30,2025-05-12,5.05,3.59,5,True,Overdue Equipment
932,EQX1074,S006,OP110,2025-04-30,2025-05-05,6.44,2.77,19,False,
933,EQX1078,S003,OP122,2025-04-30,2025-05-05,1.25,6.37,10,False,Under-utilised
934,EQX1083,S001,OP142,2025-04-30,2025-05-12,3.04,8.96,31,False,High Idle Time
935,EQX1096,S005,OP115,2025-04-30,2025-05-05,7.37,2.02,28,False,
936,EQX1005,S010,OP120,2025-05-01,2025-05-19,1.81,5.07,15,True,Overdue Equipment
937,EQX1084,S010,OP138,2025-05-01,2025-05-19,6.59,1.06,32,False,
938,EQX1007,S008,OP125,2025-05-06,2025-05-12,4.4,3.78,23,False,
939,EQX1078,S005,OP135,2025-05-06,2025-05-19,5.29,2.93,13,False,
940,EQX1091,S002,OP125,2025-05-06,2025-05-12,1.95,9.0,7,False,High Idle Time
941,EQX1097,S008,OP101,2025-05-06,2025-05-12,5.78,4.39,12,False,
942,EQX1020,S001,OP138,2025-05-07,2025-05-19,7.29,2.33,42,False,
943,EQX1021,S001,OP123,2025-05-07,2025-05-19,7.32,2.49,24,False,
944,EQX1028,S004,OP116,2025-05-07,2025-05-12,8.33,2.08,31,False,
945,EQX1032,S010,OP103,2025-05-07,2025-05-26,1.64,5.2,17,True,Overdue Equipment
946,EQX1050,S008,OP107,2025-05-07,2025-06-02,2.65,6.07,27,False,
947,EQX1096,S010,OP112,2025-05-07,2025-05-19,8.04,0.73,15,False,
948,EQX1111,S006,OP140,2025-05-07,2025-05-12,2.98,6.39,15,False,
949,EQX1038,S002,OP132,2025-05-08,2025-05-12,2.64,8.28,27,False,High Idle Time
950,EQX1057,S001,OP120,2025-05-08,2025-06-02,1.31,9.12,12,True,Overdue Equipment
951,EQX1071,S007,OP109,2025-05-08,2025-05-12,7.93,1.6,14,False,
952,EQX1082,S003,OP108,2025-05-08,2025-05-12,8.71,1.45,18,False,
953,EQX1115,S003,OP106,2025-05-08,2025-05-12,5.74,2.34,17,False,
954,EQX1077,S010,OP103,2025-05-13,2025-06-09,7.04,2.4,20,True,Overdue Equipment
955,EQX1090,S010,OP114,2025-05-13,2025-05-19,1.88,7.97,34,False,Under-utilised
956,EQX1003,S001,OP126,2025-05-14,2025-05-19,4.79,2.22,27,False,
957,EQX1053,S001,OP145,2025-05-14,2025-06-02,7.29,2.25,26,False,
958,EQX1067,S008,OP108,2025-05-14,2025-05-26,5.72,3.05,11,True,Overdue Equipment
959,EQX1076,S002,OP117,2025-05-14,2025-05-26,6.85,3.03,5,True,Overdue Equipment
960,EQX1054,S006,OP117,2025-05-15,2025-05-19,8.48,0.76,26,False,
961,EQX1104,S001,OP125,2025-05-15,2025-05-19,8.48,0.71,5,False,
962,EQX1117,S001,,2025-05-15,2025-05-19,7.82,1.4,8,False,Missing Operator
963,EQX1023,S002,OP104,2025-05-20,2025-06-09,1.17,6.8,40,False,Under-utilised
964,EQX1062,S008,OP130,2025-05-20,2025-06-02,6.48,2.87,17,False,
965,EQX1063,S010,OP121,2025-05-20,2025-06-09,5.87,2.76,11,True,Overdue Equipment
966,EQX1102,S008,OP126,2025-05-20,2025-05-26,8.55,1.04,29,False,
967,EQX1042,S004,OP124,2025-05-21,2025-05-26,5.72,2.4,13,False,
968,EQX1046,S001,OP126,2025-05-21,2025-06-02,5.34,4.2,19,False,
969,EQX1096,S004,OP101,2025-05-21,2025-05-26,1.29,6.36,28,False,Under-utilised
970,EQX1106,S006,OP125,2025-05-21,2025-05-26,2.23,8.08,20,False,High Idle Time
971,EQX1117,S003,OP131,2025-05-21,2025-05-26,6.81,1.09,8,False,
972,EQX1013,S008,OP137,2025-05-22,2025-06-02,2.95,5.86,39,False,
973,EQX1043,S005,OP142,2025-05-22,2025-05-26,6.62,4.2,31,False,
974,EQX1066,S009,OP102,2025-05-22,2025-05-26,4.78,4.39,6,False,
975,EQX1074,S001,OP123,2025-05-22,2025-05-26,4.76,2.51,5,False,
976,EQX1097,S001,OP102,2025-05-22,2025-05-26,4.32,3.43,15,False,
977,EQX1119,S008,OP117,2025-05-22,2025-06-02,1.81,9.34,20,False,High Idle Time
978,EQX1031,S001,OP141,2025-05-27,2025-06-09,2.62,7.74,22,False,
979,EQX1049,S001,OP123,2025-05-27,2025-06-09,1.95,5.93,21,False,
980,EQX1054,S005,OP102,2025-05-27,2025-06-02,1.81,9.08,28,False,High Idle Time
981,EQX1082,S003,OP106,2025-05-28,2025-06-16,5.01,3.91,21,False,
982,EQX1110,S001,OP132,2025-05-28,2025-06-02,5.32,4.2,20,False,
983,EQX1008,S006,OP108,2025-05-29,2025-06-02,4.04,3.73,36,False,
984,EQX1034,S009,OP127,2025-05-29,2025-06-09,7.94,0.88,23,False,
985,EQX1112,S008,OP108,2025-05-29,2025-06-02,6.94,2.28,5,False,
986,EQX1016,S010,OP126,2025-06-03,2025-06-16,5.91,2.49,26,False,
987,EQX1033,S006,OP125,2025-06-03,2025-06-09,0.96,7.32,31,False,Under-utilised
988,EQX1047,S009,OP143,2025-06-03,2025-06-09,2.54,6.44,24,False,
989,EQX1068,S002,OP126,2025-06-03,2025-06-09,6.89,3.19,6,False,
990,EQX1093,S010,OP120,2025-06-03,2025-06-23,5.09,2.89,30,False,
991,EQX1117,S005,OP143,2025-06-03,2025-06-09,4.59,3.72,17,False,
992,EQX1038,S002,OP119,2025-06-04,2025-06-09,6.52,1.38,23,False,
993,EQX1041,S008,OP108,2025-06-04,2025-06-09,8.19,1.54,26,False,
994,EQX1074,S002,OP128,2025-06-04,2025-06-16,7.24,0.55,20,False,
995,EQX1080,S010,OP111,2025-06-04,2025-06-09,4.88,3.78,11,False,
996,EQX1085,S005,OP136,2025-06-04,2025-06-09,5.12,2.05,11,False,
997,EQX1114,S003,OP124,2025-06-04,2025-06-09,4.97,2.83,17,False,
998,EQX1065,S002,,2025-06-05,2025-06-16,0.86,6.22,5,True,Missing Operator
999,EQX1076,S005,OP145,2025-06-05,2025-06-09,2.99,7.11,16,False,
1000,EQX1045,S004,OP124,2025-06-10,2025-06-30,4.16,4.02,13,True,Overdue Equipment
1001,EQX1054,S005,OP144,2025-06-10,2025-06-16,5.44,2.76,21,False,
1002,EQX1062,S002,OP111,2025-06-10,2025-06-23,6.21,2.2,14,False,
1003,EQX1089,S002,OP108,2025-06-10,2025-06-16,4.1,3.93,14,False,
1004,EQX1099,S004,OP106,2025-06-10,2025-06-16,9.21,1.45,24,False,
1005,EQX1104,S010,OP102,2025-06-10,2025-07-07,5.08,3.29,10,True,Overdue Equipment
1006,EQX1077,S008,OP122,2025-06-11,2025-06-16,5.08,2.49,14,False,
1007,EQX1079,S001,OP109,2025-06-11,2025-06-23,6.44,2.61,10,True,Overdue Equipment
1008,EQX1091,S009,OP122,2025-06-11,2025-06-23,2.81,8.0,15,False,High Idle Time
1009,EQX1098,S002,OP144,2025-06-11,2025-06-16,8.18,2.17,21,False,
1010,EQX1086,S001,OP108,2025-06-12,2025-06-16,4.85,2.8,20,False,
1011,EQX1017,S002,OP136,2025-06-17,2025-06-30,4.21,2.59,39,False,
1012,EQX1033,S010,,2025-06-17,2025-06-23,5.42,2.62,16,False,Missing Operator
1013,EQX1048,S001,OP123,2025-06-17,2025-06-23,1.23,5.58,19,False,Under-utilised
1014,EQX1120,S003,OP103,2025-06-17,2025-06-23,7.39,1.55,11,False,
1015,EQX1004,S001,OP140,2025-06-18,2025-06-30,9.06,2.25,39,False,
1016,EQX1028,S001,OP131,2025-06-18,2025-06-30,6.33,3.5,33,False,
1017,EQX1030,S001,OP129,2025-06-18,2025-06-30,1.18,7.75,23,False,Under-utilised
1018,EQX1044,S007,OP127,2025-06-18,2025-07-07,6.53,2.25,29,False,
1019,EQX1056,S009,OP142,2025-06-18,2025-06-23,5.34,2.58,21,False,
1020,EQX1066,S006,OP114,2025-06-18,2025-06-23,1.48,5.81,17,False,
1021,EQX1074,S006,OP136,2025-06-18,2025-06-30,4.62,2.65,10,True,Overdue Equipment
1022,EQX1003,S006,OP129,2025-06-19,2025-07-07,6.88,3.89,35,False,
1023,EQX1006,S007,OP120,2025-06-19,2025-06-30,7.44,2.09,14,False,
1024,EQX1023,S010,OP113,2025-06-24,2025-06-30,6.22,3.18,33,False,
1025,EQX1038,S005,OP120,2025-06-24,2025-07-14,1.41,9.21,16,True,Overdue Equipment
1026,EQX1050,S005,OP139,2025-06-24,2025-06-30,6.18,2.49,27,False,
1027,EQX1063,S003,OP117,2025-06-24,2025-07-07,4.93,2.03,24,False,
1028,EQX1097,S005,OP134,2025-06-24,2025-06-30,4.52,4.4,20,False,
1029,EQX1035,S002,OP118,2025-06-25,2025-06-30,2.47,7.04,32,False,
1030,EQX1055,S006,OP116,2025-06-25,2025-07-07,4.97,2.51,9,True,Overdue Equipment
1031,EQX1059,S005,OP129,2025-06-25,2025-06-30,6.43,2.47,24,False,
1032,EQX1069,S005,OP144,2025-06-25,2025-06-30,6.88,1.42,10,False,
1033,EQX1070,S002,OP108,2025-06-25,2025-06-30,7.71,0.72,7,False,
1034,EQX1099,S008,OP131,2025-06-25,2025-06-30,8.64,2.5,24,False,
1035,EQX1118,S005,OP129,2025-06-25,2025-07-07,7.19,1.09,7,True,Overdue Equipment
1036,EQX1060,S007,OP117,2025-06-26,2025-06-30,1.82,7.57,22,False,Under-utilised
1037,EQX1014,S009,OP141,2025-07-01,2025-07-21,6.81,2.09,11,True,Overdue Equipment
1038,EQX1059,S003,OP121,2025-07-01,2025-07-14,7.65,1.48,19,False,
1039,EQX1085,S002,OP101,2025-07-01,2025-07-07,9.18,1.86,30,False,
1040,EQX1120,S003,OP114,2025-07-01,2025-07-28,3.03,7.31,20,True,Overdue Equipment
1041,EQX1051,S009,OP140,2025-07-02,2025-07-14,6.21,2.9,16,False,
1042,EQX1058,S009,OP105,2025-07-02,2025-07-14,6.86,3.91,17,False,
1043,EQX1018,S006,OP143,2025-07-03,2025-07-21,4.67,4.08,15,True,Overdue Equipment
1044,EQX1024,S004,OP108,2025-07-03,2025-07-14,5.87,3.69,12,False,
1045,EQX1049,S009,OP118,2025-07-03,2025-08-04,4.5,3.74,13,True,Overdue Equipment
1046,EQX1056,S001,OP131,2025-07-03,2025-07-07,4.8,2.32,14,False,
1047,EQX1061,S001,OP115,2025-07-03,2025-07-07,4.35,2.86,13,False,
1048,EQX1064,S003,OP145,2025-07-03,2025-07-28,1.67,9.03,25,False,High Idle Time
1049,EQX1019,S010,OP101,2025-07-08,2025-07-21,4.54,3.9,14,False,
1050,EQX1054,S010,OP112,2025-07-08,2025-07-28,6.9,2.66,21,False,
1051,EQX1079,S001,OP145,2025-07-08,2025-07-28,1.78,8.79,19,True,Overdue Equipment
1052,EQX1094,S008,,2025-07-08,2025-07-21,8.4,0.73,27,False,Missing Operator
1053,EQX1101,S004,OP128,2025-07-08,2025-07-14,1.06,6.92,13,False,Under-utilised
1054,EQX1108,S006,,2025-07-08,2025-07-14,5.43,3.95,18,False,Missing Operator
1055,EQX1032,S010,OP109,2025-07-09,2025-07-14,4.39,3.93,28,False,
1056,EQX1045,S001,OP131,2025-07-09,2025-07-14,5.79,2.54,24,False,
1057,EQX1047,S002,OP102,2025-07-09,2025-07-14,6.45,4.32,20,False,
1058,EQX1063,S004,OP105,2025-07-09,2025-07-14,2.36,5.36,9,False,
1059,EQX1071,S007,OP133,2025-07-09,2025-07-14,4.58,3.74,7,False,
1060,EQX1091,S001,OP113,2025-07-09,2025-07-21,9.43,0.89,12,False,
1061,EQX1107,S001,OP122,2025-07-09,2025-07-21,9.03,0.9,15,False,
1062,EQX1031,S004,OP128,2025-07-10,2025-07-21,8.14,2.44,15,False,
1063,EQX1069,S004,OP130,2025-07-10,2025-07-14,5.23,2.59,13,False,
1064,EQX1097,S007,OP114,2025-07-10,2025-07-21,4.97,3.48,17,False,
1065,EQX1102,S010,OP145,2025-07-10,2025-07-21,6.79,3.68,17,False,
1066,EQX1106,S009,OP102,2025-07-10,2025-08-11,5.46,2.76,9,True,Overdue Equipment
1067,EQX1017,S002,OP137,2025-07-15,2025-07-28,5.51,2.48,39,False,
1068,EQX1027,S006,OP102,2025-07-15,2025-08-04,7.62,0.76,28,False,
1069,EQX1035,S007,OP145,2025-07-15,2025-07-21,5.61,3.98,21,False,
1070,EQX1052,S006,OP118,2025-07-15,2025-07-21,6.37,2.04,27,False,
1071,EQX1042,S009,OP111,2025-07-16,2025-08-04,1.85,7.14,27,False,
1072,EQX1081,S002,OP106,2025-07-16,2025-07-21,5.43,3.02,9,False,
1073,EQX1084,S003,OP113,2025-07-17,2025-07-21,6.93,4.15,12,False,
1074,EQX1022,S008,OP136,2025-07-22,2025-08-04,6.51,2.37,13,False,
1075,EQX1035,S006,OP137,2025-07-22,2025-08-11,5.35,2.81,18,True,Overdue Equipment
1076,EQX1062,S009,OP138,2025-07-22,2025-08-04,2.73,9.08,22,False,High Idle Time
1077,EQX1029,S001,,2025-07-23,2025-07-28,5.13,3.89,11,False,Missing Operator
1078,EQX1032,S010,OP107,2025-07-24,2025-07-28,9.06,0.56,30,False,
1079,EQX1033,S008,OP102,2025-07-24,2025-07-28,2.37,5.4,30,False,
1080,EQX1075,S007,OP108,2025-07-24,2025-07-28,7.86,1.1,5,False,
1081,EQX1104,S004,OP128,2025-07-24,2025-07-28,0.94,6.88,5,False,Under-utilised
1082,EQX1118,S010,OP118,2025-07-24,2025-08-18,4.38,2.65,7,True,Overdue Equipment
1083,EQX1009,S004,OP108,2025-07-29,2025-08-04,2.4,9.11,11,False,High Idle Time
1084,EQX1032,S002,OP102,2025-07-29,2025-08-18,4.72,2.07,18,True,Overdue Equipment
1085,EQX1038,S004,OP142,2025-07-29,2025-08-25,4.12,2.01,19,True,Overdue Equipment
1086,EQX1087,S009,OP115,2025-07-29,2025-08-18,4.49,3.4,35,False,
1087,EQX1092,S006,OP124,2025-07-29,2025-08-18,6.17,2.96,8,True,Overdue Equipment
1088,EQX1096,S008,OP137,2025-07-29,2025-08-04,5.1,2.24,24,False,
1089,EQX1008,S006,OP115,2025-07-30,2025-09-01,4.02,3.16,37,False,
1090,EQX1017,S008,OP128,2025-07-30,2025-08-18,6.35,2.58,14,True,Overdue Equipment
1091,EQX1053,S005,OP139,2025-07-30,2025-08-04,7.06,2.47,7,False,
1092,EQX1093,S001,OP114,2025-07-30,2025-08-04,5.29,2.19,24,False,
1093,EQX1072,S010,OP126,2025-07-31,2025-08-11,1.66,5.39,11,False,
1094,EQX1024,S003,OP105,2025-08-05,2025-08-18,6.14,3.18,14,False,
1095,EQX1051,S006,OP140,2025-08-05,2025-08-11,2.84,7.32,19,False,
1096,EQX1052,S004,OP123,2025-08-05,2025-08-11,2.67,6.66,23,False,
1097,EQX1099,S004,OP111,2025-08-05,2025-08-11,1.82,7.43,19,False,Under-utilised
1098,EQX1107,S007,OP123,2025-08-05,2025-08-18,6.41,4.3,6,True,Overdue Equipment
1099,EQX1109,S004,OP110,2025-08-05,2025-08-11,5.93,3.57,19,False,
1100,EQX1048,S005,OP138,2025-08-06,2025-08-11,1.65,5.86,27,False,
1101,EQX1050,S002,OP137,2025-08-06,2025-08-11,6.65,0.7,27,False,
1102,EQX1063,S006,OP134,2025-08-06,2025-08-11,4.31,4.18,12,False,
1103,EQX1088,S010,OP136,2025-08-06,2025-08-11,5.11,3.89,24,False,
1104,EQX1108,S003,OP141,2025-08-06,2025-08-11,6.15,4.06,5,False,
1105,EQX1113,S005,OP129,2025-08-06,2025-08-11,5.43,2.81,17,False,
1106,EQX1018,S009,OP105,2025-08-07,2025-09-15,5.74,2.87,39,False,
1107,EQX1020,S009,OP110,2025-08-07,2025-08-18,5.49,2.06,41,False,
1108,EQX1025,S007,OP109,2025-08-07,2025-09-01,8.12,0.51,27,False,
1109,EQX1064,S003,OP135,2025-08-07,2025-08-11,6.72,3.89,26,False,
1110,EQX1105,S005,OP135,2025-08-07,2025-08-18,5.35,3.63,6,True,Overdue Equipment
1111,EQX1120,S002,OP129,2025-08-07,2025-08-11,6.93,3.23,9,False,
1112,EQX1046,S007,OP129,2025-08-12,2025-08-18,5.09,4.31,26,False,
1113,EQX1094,S001,OP144,2025-08-12,2025-09-08,6.59,3.81,10,True,Overdue Equipment
1114,EQX1098,S007,OP135,2025-08-12,2025-08-18,1.8,9.27,16,False,High Idle Time
1115,EQX1111,S006,OP138,2025-08-12,2025-08-18,2.76,9.23,18,False,High Idle Time
1116,EQX1009,S008,OP145,2025-08-13,2025-08-18,6.23,3.39,14,False,
1117,EQX1037,S009,OP115,2025-08-13,2025-08-18,6.29,3.9,16,False,
1118,EQX1043,S009,OP125,2025-08-13,2025-08-18,8.89,2.25,11,False,
1119,EQX1044,S009,OP106,2025-08-13,2025-08-18,5.36,4.13,25,False,
1120,EQX1085,S005,OP131,2025-08-13,2025-08-18,1.71,7.61,13,False,Under-utilised
1121,EQX1089,S006,OP136,2025-08-13,2025-08-25,6.06,2.78,26,False,
1122,EQX1030,S008,OP131,2025-08-14,2025-08-18,6.66,4.34,11,False,
1123,EQX1031,S009,OP115,2025-08-14,2025-09-08,6.74,3.18,26,False,
1124,EQX1045,S003,OP138,2025-08-19,2025-09-01,8.7,0.59,33,False,
1125,EQX1093,S008,OP116,2025-08-20,2025-08-25,9.32,1.54,23,False,
1126,EQX1033,S004,OP133,2025-08-21,2025-09-01,5.44,3.45,32,False,
1127,EQX1062,S006,OP132,2025-08-21,2025-09-01,5.04,2.97,14,False,
1128,EQX1108,S010,OP122,2025-08-26,2025-09-01,5.88,4.3,18,False,
1129,EQX1035,S006,OP104,2025-08-27,2025-09-15,6.62,4.48,19,False,
1130,EQX1049,S009,OP113,2025-08-27,2025-09-01,4.08,3.51,19,False,
1131,EQX1101,S001,OP131,2025-08-27,2025-09-15,0.55,5.89,11,True,Overdue Equipment
1132,EQX1102,S010,OP119,2025-08-27,2025-09-08,6.43,2.22,12,False,
1133,EQX1114,S010,OP128,2025-08-27,2025-09-01,7.22,2.43,16,False,
1134,EQX1116,S004,OP140,2025-08-27,2025-09-01,5.43,4.16,5,False,
1135,EQX1054,S008,OP106,2025-08-28,2025-09-01,6.73,2.6,14,False,
1136,EQX1078,S005,OP132,2025-08-28,2025-09-01,7.79,0.91,12,False,
1137,EQX1093,S001,OP115,2025-08-28,2025-09-22,1.89,6.3,29,False,
1138,EQX1111,S010,OP102,2025-08-28,2025-09-08,1.88,7.26,9,True,Overdue Equipment
1139,EQX1061,S003,OP134,2025-09-02,2025-09-08,9.49,1.82,7,False,
1140,EQX1073,S002,OP140,2025-09-02,2025-09-15,2.53,7.26,17,False,
1141,EQX1081,S006,OP122,2025-09-02,2025-09-08,8.5,0.7,15,False,
1142,EQX1092,S009,OP134,2025-09-02,2025-09-08,1.1,6.65,28,False,Under-utilised
1143,EQX1096,S005,OP120,2025-09-02,2025-09-08,5.51,3.64,11,False,
1144,EQX1100,S009,OP102,2025-09-02,2025-09-15,2.52,9.09,15,False,High Idle Time
1145,EQX1075,S006,OP129,2025-09-03,2025-09-08,5.6,4.19,21,False,
1146,EQX1103,S009,OP136,2025-09-03,2025-09-08,4.74,2.02,6,False,
1147,EQX1115,S009,OP119,2025-09-03,2025-09-08,6.06,2.69,5,False,
1148,EQX1117,S001,OP104,2025-09-03,2025-09-15,6.63,1.48,20,False,
1149,EQX1001,S009,OP137,2025-09-04,2025-09-15,8.88,2.4,23,False,
1150,EQX1062,S010,OP140,2025-09-04,2025-09-08,2.73,9.27,27,False,High Idle Time
1151,EQX1083,S006,OP135,2025-09-04,2025-09-22,5.7,4.03,35,False,
1152,EQX1091,S005,OP137,2025-09-04,2025-09-08,5.3,2.08,34,False,
1153,EQX1034,S006,OP115,2025-09-09,2025-09-29,6.69,3.73,26,False,
1154,EQX1070,S010,OP111,2025-09-09,2025-09-22,5.85,4.03,12,True,Overdue Equipment
1155,EQX1085,S007,OP119,2025-09-09,2025-09-15,5.47,2.9,32,False,
1156,EQX1096,S008,,2025-09-09,2025-09-15,6.72,2.42,13,False,Missing Operator
1157,EQX1021,S008,OP111,2025-09-10,2025-09-15,0.95,9.41,40,False,High Idle Time
1158,EQX1009,S003,OP131,2025-09-11,2025-09-29,6.2,3.82,26,False,
1159,EQX1069,S002,OP119,2025-09-11,2025-09-15,2.61,5.18,3,True,Overdue Equipment
1160,EQX1098,S008,OP106,2025-09-11,2025-09-22,4.69,3.75,23,False,
1161,EQX1099,S007,OP130,2025-09-11,2025-09-15,4.89,3.98,15,False,
1162,EQX1004,S004,OP145,2025-09-16,2025-10-20,5.03,3.0,36,False,
1163,EQX1019,S006,OP136,2025-09-16,2025-09-22,4.04,4.27,37,False,
1164,EQX1022,S007,OP136,2025-09-16,2025-10-06,5.76,2.59,35,False,
1165,EQX1046,S003,OP114,2025-09-16,2025-09-22,2.84,7.26,12,False,
1166,EQX1050,S004,OP113,2025-09-16,2025-09-22,7.64,1.33,13,False,
1167,EQX1029,S003,OP131,2025-09-17,2025-09-22,6.14,2.86,35,False,
1168,EQX1060,S004,OP129,2025-09-17,2025-09-22,5.39,3.57,17,False,
1169,EQX1007,S006,OP127,2025-09-18,2025-09-29,1.65,5.77,14,False,
1170,EQX1020,S010,OP137,2025-09-18,2025-10-06,5.49,3.96,30,False,
1171,EQX1030,S004,OP131,2025-09-18,2025-09-29,2.4,9.37,13,False,High Idle Time
1172,EQX1031,S008,OP103,2025-09-18,2025-09-22,4.72,2.73,30,False,
1173,EQX1052,S004,OP137,2025-09-18,2025-10-13,4.7,2.22,22,True,Overdue Equipment
1174,EQX1059,S003,OP140,2025-09-18,2025-09-29,1.28,6.0,18,False,Under-utilised
1175,EQX1073,S005,OP135,2025-09-18,2025-10-06,4.48,2.09,20,False,
1176,EQX1080,S009,OP137,2025-09-18,2025-09-22,5.01,4.03,17,False,
1177,EQX1033,S004,OP121,2025-09-23,2025-10-20,6.21,3.84,26,True,Overdue Equipment
1178,EQX1044,S002,OP114,2025-09-23,2025-09-29,2.97,7.24,19,False,
1179,EQX1045,S009,OP135,2025-09-23,2025-09-29,6.62,0.87,29,False,
1180,EQX1049,S010,OP101,2025-09-23,2025-09-29,2.01,5.63,24,False,
1181,EQX1064,S006,OP135,2025-09-23,2025-10-13,9.17,1.54,21,False,
1182,EQX1071,S002,OP137,2025-09-23,2025-09-29,9.19,1.94,18,False,
1183,EQX1115,S010,OP123,2025-09-23,2025-09-29,5.4,3.68,9,False,
1184,EQX1017,S008,OP119,2025-09-25,2025-10-13,7.0,3.96,11,True,Overdue Equipment
1185,EQX1036,S006,OP145,2025-09-25,2025-10-06,6.06,4.49,19,False,
1186,EQX1074,S001,OP131,2025-09-25,2025-09-29,6.57,2.07,6,False,
1187,EQX1077,S003,OP101,2025-09-25,2025-09-29,8.56,1.51,11,False,
1188,EQX1097,S007,OP135,2025-09-25,2025-09-29,4.69,3.94,24,False,
1189,EQX1110,S003,OP142,2025-09-25,2025-09-29,6.98,1.38,18,False,
1190,EQX1093,S008,OP107,2025-09-30,2025-10-20,8.42,2.48,21,False,
1191,EQX1041,S005,OP145,2025-10-01,2025-10-06,5.81,2.99,17,False,
1192,EQX1102,S003,OP121,2025-10-01,2025-10-06,2.86,8.69,14,False,High Idle Time
1193,EQX1044,S007,OP139,2025-10-02,2025-10-06,4.37,2.44,17,False,
1194,EQX1100,S010,OP132,2025-10-02,2025-10-06,4.25,4.22,18,False,
1195,EQX1103,S008,OP123,2025-10-02,2025-10-13,7.18,2.28,10,True,Overdue Equipment
1196,EQX1118,S007,OP124,2025-10-02,2025-10-06,1.02,6.32,15,False,Under-utilised
1197,EQX1011,S003,OP130,2025-10-07,2025-10-13,3.12,7.92,26,False,
1198,EQX1081,S004,OP119,2025-10-07,2025-10-13,6.02,3.95,30,False,
1199,EQX1083,S007,OP113,2025-10-07,2025-10-27,7.81,2.21,21,False,
1200,EQX1104,S008,OP118,2025-10-07,2025-10-13,4.46,3.89,20,False,
1201,EQX1113,S006,OP111,2025-10-07,2025-10-13,4.79,2.86,11,False,
1202,EQX1005,S003,OP110,2025-10-08,2025-10-20,6.98,2.46,21,False,
1203,EQX1042,S008,OP133,2025-10-08,2025-10-13,1.89,8.96,20,False,High Idle Time
1204,EQX1058,S004,OP114,2025-10-08,2025-10-20,3.09,8.84,16,False,High Idle Time
1205,EQX1065,S006,OP145,2025-10-08,2025-10-13,4.81,2.8,12,False,
1206,EQX1067,S002,OP111,2025-10-08,2025-10-13,5.03,3.09,14,False,
1207,EQX1072,S009,OP144,2025-10-08,2025-10-13,8.81,0.72,14,False,
1208,EQX1097,S001,OP125,2025-10-08,2025-10-13,5.77,3.33,21,False,
1209,EQX1114,S009,OP133,2025-10-08,2025-10-13,2.24,8.55,8,False,High Idle Time
1210,EQX1025,S006,OP135,2025-10-09,2025-10-13,4.4,3.86,41,False,
1211,EQX1041,S009,OP136,2025-10-09,2025-10-20,9.0,2.39,30,False,
1212,EQX1089,S002,OP105,2025-10-09,2025-10-13,6.28,3.09,13,False,
1213,EQX1011,S007,OP124,2025-10-14,2025-11-03,5.29,3.62,36,False,
1214,EQX1052,S007,OP115,2025-10-14,2025-10-20,1.24,8.18,27,False,High Idle Time
1215,EQX1102,S007,OP116,2025-10-14,2025-10-27,7.25,1.76,25,False,
1216,EQX1014,S005,OP119,2025-10-15,2025-10-27,6.15,4.36,10,True,Overdue Equipment
1217,EQX1022,S004,OP129,2025-10-15,2025-10-27,8.12,1.08,33,False,
1218,EQX1073,S001,OP109,2025-10-15,2025-10-20,0.57,5.79,7,False,Under-utilised
1219,EQX1076,S010,OP145,2025-10-15,2025-11-17,5.06,3.7,12,True,Overdue Equipment
1220,EQX1081,S008,OP121,2025-10-15,2025-10-20,1.69,7.4,14,False,Under-utilised
1221,EQX1085,S007,OP137,2025-10-15,2025-11-17,2.49,5.89,14,True,Overdue Equipment
1222,EQX1091,S006,OP122,2025-10-15,2025-10-20,1.84,8.54,11,False,High Idle Time
1223,EQX1094,S005,OP136,2025-10-15,2025-10-20,4.68,4.04,7,False,
1224,EQX1082,S003,OP106,2025-10-16,2025-10-27,9.16,2.14,19,False,
1225,EQX1103,S005,,2025-10-16,2025-10-20,0.5,6.97,9,False,Missing Operator
1226,EQX1034,S005,OP116,2025-10-21,2025-11-03,7.62,1.22,21,False,
1227,EQX1086,S002,OP111,2025-10-21,2025-10-27,5.31,4.41,14,False,
1228,EQX1099,S009,OP114,2025-10-21,2025-10-27,5.26,3.75,24,False,
1229,EQX1028,S009,OP127,2025-10-22,2025-11-03,6.17,3.77,36,False,
1230,EQX1072,S009,OP107,2025-10-22,2025-10-27,6.03,4.04,14,False,
1231,EQX1095,S010,OP126,2025-10-22,2025-11-10,0.55,7.24,14,True,Overdue Equipment
1232,EQX1096,S003,OP138,2025-10-22,2025-11-10,0.4,7.45,23,False,Under-utilised
1233,EQX1027,S006,OP133,2025-10-23,2025-11-17,4.58,3.0,32,False,
1234,EQX1055,S008,OP124,2025-10-23,2025-11-10,0.59,5.61,22,False,Under-utilised
1235,EQX1071,S007,OP120,2025-10-23,2025-11-17,2.67,7.66,21,True,Overdue Equipment
1236,EQX1078,S003,OP114,2025-10-23,2025-10-27,4.32,4.03,13,False,
1237,EQX1073,S002,OP124,2025-10-28,2025-11-03,6.74,3.94,19,False,
1238,EQX1087,S010,OP141,2025-10-28,2025-11-10,8.41,2.34,19,False,
1239,EQX1032,S006,OP102,2025-10-29,2025-11-03,2.12,5.77,21,False,
1240,EQX1056,S004,OP143,2025-10-29,2025-11-03,6.0,3.47,19,False,
1241,EQX1092,S010,OP124,2025-10-29,2025-11-17,6.7,3.26,29,False,
1242,EQX1078,S002,OP120,2025-10-30,2025-11-10,4.77,2.7,19,False,
1243,EQX1104,S004,OP132,2025-10-30,2025-11-03,4.69,3.29,5,False,
1244,EQX1046,S003,OP104,2025-11-04,2025-11-10,7.31,0.74,23,False,
1245,EQX1052,S008,OP123,2025-11-04,2025-11-10,7.72,1.31,9,False,
1246,EQX1059,S010,OP134,2025-11-04,2025-11-10,5.45,3.73,8,False,
1247,EQX1015,S010,OP111,2025-11-05,2025-11-17,7.81,0.68,26,False,
1248,EQX1062,S008,OP118,2025-11-05,2025-12-01,5.85,3.99,14,True,Overdue Equipment
1249,EQX1067,S003,OP144,2025-11-05,2025-11-10,5.14,2.66,5,False,
1250,EQX1077,S006,OP121,2025-11-05,2025-11-10,0.96,5.19,5,False,Under-utilised
1251,EQX1090,S003,OP131,2025-11-05,2025-11-10,9.49,2.31,26,False,
1252,EQX1104,S001,OP109,2025-11-05,2025-11-10,4.01,3.92,8,False,
1253,EQX1020,S002,OP142,2025-11-06,2025-11-10,4.07,3.14,11,False,
1254,EQX1070,S010,OP109,2025-11-06,2025-11-17,7.59,1.81,7,True,Overdue Equipment
1255,EQX1022,S004,OP121,2025-11-11,2025-11-17,5.68,2.03,39,False,
1256,EQX1032,S002,OP101,2025-11-11,2025-11-17,9.15,0.87,19,False,
1257,EQX1073,S010,OP123,2025-11-11,2025-11-24,4.31,2.57,20,False,
1258,EQX1100,S009,OP104,2025-11-11,2025-11-17,4.71,3.65,32,False,
1259,EQX1119,S003,OP138,2025-11-11,2025-12-08,6.37,3.5,13,True,Overdue Equipment
1260,EQX1043,S002,OP122,2025-11-12,2025-11-17,6.43,4.33,34,False,
1261,EQX1055,S003,OP126,2025-11-12,2025-11-24,8.51,1.76,24,False,
1262,EQX1059,S006,OP119,2025-11-12,2025-11-17,4.09,2.07,22,False,
1263,EQX1091,S007,OP130,2025-11-12,2025-11-24,4.24,2.92,21,False,
1264,EQX1107,S004,OP117,2025-11-12,2025-11-17,1.39,6.77,8,False,Under-utilised
1265,EQX1006,S009,OP121,2025-11-13,2025-11-17,5.26,3.99,26,False,
1266,EQX1013,S001,OP127,2025-11-13,2025-12-15,5.26,2.99,42,False,
1267,EQX1053,S003,OP142,2025-11-13,2025-12-01,9.43,1.12,24,False,
1268,EQX1083,S006,OP137,2025-11-13,2025-11-17,5.29,2.2,19,False,
1269,EQX1103,S010,OP128,2025-11-13,2025-11-17,6.79,2.19,7,False,
1270,EQX1032,S004,OP141,2025-11-18,2025-12-01,4.65,2.59,35,False,
1271,EQX1109,S008,OP134,2025-11-18,2025-11-24,2.38,9.14,17,False,High Idle Time
1272,EQX1036,S007,OP125,2025-11-20,2025-12-01,2.15,7.52,26,False,
1273,EQX1039,S010,OP105,2025-11-20,2025-12-22,6.07,3.75,33,False,
1274,EQX1041,S001,,2025-11-20,2025-12-01,7.85,1.85,13,False,Missing Operator
1275,EQX1057,S010,OP125,2025-11-20,2025-11-24,8.15,1.54,12,False,
1276,EQX1037,S001,OP137,2025-11-25,2025-12-15,8.03,2.0,15,True,Overdue Equipment
1277,EQX1047,S009,OP101,2025-11-25,2025-12-22,4.99,2.88,27,True,Overdue Equipment
1278,EQX1055,S004,OP114,2025-11-25,2025-12-15,6.84,1.02,21,False,
1279,EQX1073,S006,OP138,2025-11-25,2025-12-15,6.39,2.62,4,True,Overdue Equipment
1280,EQX1103,S006,OP101,2025-11-25,2025-12-01,1.45,8.59,18,False,High Idle Time
1281,EQX1118,S003,OP143,2025-11-25,2025-12-08,6.14,2.89,13,False,
1282,EQX1008,S003,OP130,2025-11-26,2025-12-08,7.26,1.89,25,False,
1283,EQX1028,S001,OP131,2025-11-26,2025-12-15,5.88,3.92,34,False,
1284,EQX1054,S001,OP108,2025-11-26,2025-12-01,8.78,2.17,27,False,
1285,EQX1081,S008,OP131,2025-11-26,2025-12-08,7.98,0.6,22,False,
1286,EQX1096,S010,OP127,2025-11-26,2025-12-01,6.67,1.96,31,False,
1287,EQX1014,S004,OP109,2025-11-27,2025-12-08,0.7,9.15,34,False,High Idle Time
1288,EQX1029,S007,OP112,2025-11-27,2025-12-08,2.01,9.4,22,False,High Idle Time
1289,EQX1035,S001,OP144,2025-11-27,2025-12-15,4.67,4.39,33,False,
1290,EQX1052,S008,OP103,2025-11-27,2025-12-01,4.46,2.5,26,False,
1291,EQX1060,S009,OP145,2025-11-27,2025-12-01,6.96,3.11,21,False,
1292,EQX1075,S003,OP133,2025-11-27,2025-12-01,4.9,4.11,15,False,
1293,EQX1120,S004,OP129,2025-11-27,2025-12-01,8.25,1.67,10,False,
1294,EQX1006,S008,OP133,2025-12-02,2025-12-22,9.32,2.45,12,True,Overdue Equipment
1295,EQX1015,S004,OP131,2025-12-02,2025-12-08,6.18,4.12,33,False,
1296,EQX1054,S002,OP130,2025-12-02,2025-12-08,6.75,1.88,27,False,
1297,EQX1056,S010,OP110,2025-12-02,2025-12-15,6.04,3.43,13,False,
1298,EQX1060,S004,OP137,2025-12-02,2025-12-15,4.46,2.54,23,False,
1299,EQX1074,S004,OP102,2025-12-02,2025-12-15,5.25,3.9,20,False,
1300,EQX1088,S004,OP128,2025-12-02,2025-12-08,1.52,7.71,30,False,Under-utilised
1301,EQX1099,S002,OP125,2025-12-02,2025-12-08,5.43,4.35,7,False,
1302,EQX1010,S001,OP143,2025-12-03,2025-12-15,8.86,0.58,25,False,
1303,EQX1017,S010,OP123,2025-12-03,2025-12-08,5.98,3.94,30,False,
1304,EQX1032,S005,OP102,2025-12-03,2025-12-22,6.61,4.05,35,False,
1305,EQX1089,S008,OP118,2025-12-03,2025-12-15,5.04,2.91,23,False,
1306,EQX1050,S002,OP129,2025-12-04,2025-12-15,5.97,2.99,25,False,
1307,EQX1069,S001,OP144,2025-12-04,2025-12-08,4.53,2.0,10,False,
1308,EQX1085,S008,OP112,2025-12-04,2025-12-22,6.49,3.92,8,True,Overdue Equipment
1309,EQX1110,S007,OP103,2025-12-04,2025-12-08,2.27,6.05,21,False,
1310,EQX1057,S009,OP102,2025-12-09,2025-12-15,6.49,3.6,19,False,
1311,EQX1063,S003,OP141,2025-12-09,2025-12-15,5.86,2.06,10,False,
1312,EQX1064,S003,OP138,2025-12-09,2025-12-15,4.47,3.03,23,False,
1313,EQX1112,S001,OP114,2025-12-09,2025-12-15,0.93,5.32,11,False,Under-utilised
1314,EQX1003,S001,OP124,2025-12-10,2025-12-22,6.6,3.33,26,False,
1315,EQX1038,S001,OP117,2025-12-10,2026-01-03,5.29,3.65,24,False,
1316,EQX1045,S004,OP111,2025-12-10,2025-12-15,0.93,9.06,26,False,High Idle Time
1317,EQX1053,S004,OP119,2025-12-10,2025-12-15,6.21,2.22,9,False,
1318,EQX1054,S001,OP103,2025-12-10,2025-12-22,1.88,6.63,13,False,
1319,EQX1103,S008,OP120,2025-12-10,2025-12-15,4.88,2.41,5,False,
1320,EQX1113,S008,OP115,2025-12-10,2025-12-26,7.29,1.49,16,True,Overdue Equipment
1321,EQX1008,S001,OP105,2025-12-11,2025-12-26,6.2,3.49,15,True,Overdue Equipment
1322,EQX1016,S005,OP122,2025-12-11,2025-12-15,7.79,1.83,21,False,
1323,EQX1029,S006,OP139,2025-12-11,2026-01-07,4.97,4.32,27,False,
1324,EQX1051,S003,OP105,2025-12-11,2025-12-15,2.78,8.0,27,False,High Idle Time
1325,EQX1062,S009,OP122,2025-12-11,2025-12-22,6.8,4.25,25,False,
1326,EQX1109,S004,OP142,2025-12-11,2025-12-15,2.89,9.11,14,False,High Idle Time
1327,EQX1117,S004,OP129,2025-12-11,2025-12-15,4.6,3.35,16,False,
1328,EQX1118,S009,OP133,2025-12-11,2025-12-15,6.32,3.24,19,False,
1329,EQX1026,S008,OP133,2025-12-16,2025-12-22,6.99,3.13,11,False,
1330,EQX1037,S008,OP133,2025-12-16,2025-12-22,8.63,1.23,18,False,
1331,EQX1050,S005,OP124,2025-12-16,2026-01-12,5.89,4.39,27,False,
1332,EQX1066,S007,OP115,2025-12-16,2026-01-05,5.12,3.16,20,False,
1333,EQX1069,S010,OP102,2025-12-16,2025-12-22,5.19,3.06,5,True,Overdue Equipment
1334,EQX1081,S004,OP119,2025-12-16,2026-01-03,6.96,2.79,18,False,
1335,EQX1009,S009,,2025-12-17,2026-01-22,6.38,2.53,36,False,Missing Operator
1336,EQX1012,S003,OP114,2025-12-17,2026-01-13,1.39,5.5,27,False,
1337,EQX1065,S002,OP133,2025-12-17,2025-12-27,6.6,2.1,10,True,Overdue Equipment
1338,EQX1089,S001,OP115,2025-12-17,2026-01-19,6.38,3.88,33,False,
1339,EQX1092,S003,OP114,2025-12-17,2025-12-22,6.8,4.19,7,False,
1340,EQX1023,S008,OP101,2025-12-18,2026-01-17,8.82,2.14,30,False,
1341,EQX1034,S007,OP144,2025-12-18,2025-12-22,4.36,2.84,20,False,
1342,EQX1072,S010,OP105,2025-12-18,2025-12-22,2.4,8.49,19,False,High Idle Time
1343,EQX1074,S001,OP129,2025-12-18,2026-01-03,0.97,9.36,16,False,High Idle Time
1344,EQX1077,S010,OP113,2025-12-18,2026-01-06,6.23,2.8,19,False,
1345,EQX1095,S009,,2025-12-18,2025-12-28,5.08,2.87,10,False,Missing Operator
1346,EQX1018,S003,OP128,2025-12-23,2026-01-23,7.43,1.79,31,False,
1347,EQX1021,S010,OP125,2025-12-23,2026-01-31,0.52,5.07,39,False,Under-utilised
1348,EQX1044,S003,OP138,2025-12-23,2026-01-14,6.1,3.52,22,False,
1349,EQX1068,S008,OP120,2025-12-23,2026-01-03,1.04,7.17,11,False,Under-utilised
1350,EQX1087,S007,OP132,2025-12-23,2026-01-27,2.13,7.6,35,False,
1351,EQX1051,S008,OP128,2025-12-24,2026-01-21,1.35,5.71,28,False,Under-utilised
1352,EQX1060,S002,OP105,2025-12-24,2026-01-20,8.97,2.21,27,False,
1353,EQX1101,S001,OP128,2025-12-24,2026-01-23,7.87,1.67,30,False,
1354,EQX1067,S002,OP140,2025-12-25,2026-01-12,9.05,1.34,18,False,
1355,EQX1069,S002,OP131,2025-12-25,2026-01-06,6.28,2.74,12,False,
1356,EQX1085,S004,OP116,2025-12-25,2026-01-22,6.22,2.78,28,False,
1357,EQX1094,S004,OP145,2025-12-25,2026-01-14,8.97,1.86,20,False,
1358,EQX1105,S007,OP105,2025-12-25,2026-01-01,4.94,3.81,7,False,
1359,EQX1111,S008,OP127,2025-12-25,2026-01-03,5.0,2.68,9,False,
